2018-04-04T15:53+0100,11794748000,71083006000,[  ]
2018-04-05T09:24+0100,11678846000,67794259000,[  ]
2018-04-05T12:25+0100,11356991000,73030756000,[  ]
2018-04-25T16:32+0100,29856859000,112447544000,[  ]
2018-04-26T09:54+0100,0,0,false
2018-04-26T10:00+0100,0,0,false
2018-04-26T10:33+0100,0,0,false
2018-04-26T11:09+0100,29431086000,0,false
2018-04-27T10:13+0100,27439778000,0,false
2018-05-22T10:52+0100,5671889000,0,false
2018-05-22T14:13+0100,4586574000,0,false
2018-05-23T10:30+0100,4945360000,0,false
2018-05-23T13:55+0100,4527420000,0,false
2018-05-23T17:14+0100,4944830000,0,false
2018-05-25T17:12+0100,4353085000,0,false
2018-05-28T16:01+0100,3929989000,0,false
2018-05-28T16:46+0100,3803177000,0,false
2018-05-29T04:04+0100,4103363000,0,false
2018-05-29T09:31+0100,3661801000,491170000,[  ]
2018-05-29T10:47:37+0100,3221701000,428287000,[  ]
2018-05-29T10:52:44+0100,3664125000,594131000,[  ]
2018-05-29T10:53:24+0100,4103278000,531436000,[  ]
2018-05-29T22:29:01+0100,3723002000,488987000,[  ]
2018-05-30T09:53:58+0100,3674764000,497064000,[  ]
2018-05-30T21:27:13+0100,3813597000,557984000,[  ]
2018-05-31T08:16:39+0100,3458929000,500468000,[  ]
2018-05-31T18:33:03+0100,3504778000,506267000,[  ]
2018-06-01T06:17:19+0100,3507835000,492406000,[  ]
2018-06-01T16:50:31+0100,3641843000,531186000,[  ]
2018-06-02T03:33:57+0100,3466839000,494803000,true
2018-06-02T14:17:13+0100,3557836000,498781000,true
2018-06-03T00:47:54+0100,3523455000,500655000,true
2018-06-03T11:34:55+0100,3501289000,499926000,true
2018-06-03T21:58:28+0100,3704524000,522603000,true
2018-06-04T08:35:30+0100,4101748000,598050000,true
2018-06-04T19:02:07+0100,5029022000,505952000,true
2018-06-05T06:22:13+0100,5065939000,551922000,true
2018-06-18T15:37:00+0100,5867571000,594465000,true
2018-06-18T15:37:14+0100,6171238000,719843000,true
2018-06-19T03:03:13+0100,5087743000,563089000,true
2018-06-19T03:08:46+0100,5355439000,573795000,true
2018-06-19T15:08:11+0100,6696227000,748226000,true
2018-06-19T15:59:57+0100,6776605000,766720000,true
2018-06-20T04:27:43+0100,4929584000,513695000,true
2018-06-20T05:25:12+0100,5018033000,562915000,true
2018-06-20T16:32:05+0100,5914217000,619478000,true
2018-06-20T17:48:49+0100,5135712000,560716000,true
2018-06-21T04:29:34+0100,5132595000,570451000,true
2018-06-21T05:40:44+0100,5064995000,547770000,true
2018-06-21T15:51:36+0100,5143803000,575824000,true
2018-06-21T17:05:35+0100,5501332000,688835000,true
2018-06-22T04:40:54+0100,5111185000,561112000,true
2018-06-22T06:10:29+0100,5114643000,544744000,true
2018-06-22T16:06:21+0100,5056567000,558122000,true
2018-06-22T17:47:48+0100,5131396000,565806000,true
2018-06-23T03:26:18+0100,4704779000,517045000,true
2018-06-23T05:15:18+0100,5184731000,554364000,true
2018-06-23T14:26:56+0100,4937526000,550212000,true
2018-06-23T17:03:39+0100,4710555000,516635000,true
2018-06-24T01:49:18+0100,5121361000,549929000,true
2018-06-24T04:44:41+0100,5042338000,564060000,true
2018-06-24T13:43:11+0100,5102579000,569752000,true
2018-06-24T16:39:51+0100,5092727000,570752000,true
2018-06-25T01:16:49+0100,5142361000,557056000,true
2018-06-25T04:08:00+0100,4721147000,516402000,true
2018-06-25T12:32:07+0100,5165003000,566636000,true
2018-06-25T15:58:50+0100,4657692000,511427000,true
2018-06-25T22:50:52+0100,5131048000,556060000,true
2018-06-26T02:22:02+0100,5090320000,566518000,true
2018-06-26T09:23:12+0100,5074759000,568458000,true
2018-06-26T12:49:00+0100,5028020000,549124000,true
2018-06-26T19:20:54+0100,5162638000,567064000,true
2018-06-26T22:57:30+0100,6474132000,689970000,true
2018-06-27T04:15:56+0100,5253802000,566454000,true
2018-06-27T07:59:18+0100,5051448000,566240000,true
2018-06-27T13:26:28+0100,41016213000,786970000,true
2018-06-27T18:23:43+0100,42524056000,835971000,true
2018-06-28T01:08:21+0100,42858153000,684532000,true
2018-06-28T06:20:02+0100,43940846000,789114000,true
2018-06-28T13:15:56+0100,42712397000,796185000,true
2018-06-28T17:36:52+0100,30551119000,559849000,true
2018-06-28T22:50:45+0100,28587565000,507885000,true
2018-06-29T03:20:14+0100,30295148000,569648000,true
2018-06-29T08:36:30+0100,28860828000,523219000,true
2018-06-29T13:08:44+0100,5366974000,570687000,true
2018-06-29T18:57:59+0100,6431176000,655181000,true
2018-06-29T22:37:00+0100,6562986000,629128000,true
2018-06-30T05:06:05+0100,5731646000,618984000,true
2018-06-30T08:37:06+0100,6438094000,690485000,true
2018-06-30T14:56:39+0100,6089572000,602991000,true
2018-06-30T18:37:10+0100,6716286000,653171000,true
2018-07-01T00:45:24+0100,5358565000,571820000,true
2018-07-01T03:27:53+0100,5274523000,564224000,true
2018-07-01T09:36:44+0100,6325571000,613615000,true
2018-07-01T12:29:52+0100,5665114000,597301000,true
2018-07-01T18:58:57+0100,5386576000,582961000,true
2018-07-01T21:40:11+0100,5490593000,591227000,true
2018-07-02T04:11:15+0100,6297658000,726677000,true
2018-07-02T07:09:49+0100,6173042000,632172000,true
2018-07-02T11:38:45+0100,5040420000,568800000,true
2018-07-02T20:22:19+0100,5152042000,518760000,true
2018-07-03T06:22:22+0100,6978073000,820439000,true
2018-07-03T16:29:30+0100,5211954000,573028000,true
2018-07-04T01:08:11+0100,5334983000,561998000,true
2018-07-04T09:49:21+0100,5177705000,555770000,true
2018-07-04T18:11:55+0100,5189972000,564921000,true
2018-07-05T03:04:09+0100,4923290000,521327000,true
2018-07-05T11:32:14+0100,5453685000,561603000,true
2018-07-05T20:47:46+0100,6024846000,685065000,true
2018-07-06T06:02:45+0100,5211396000,561191000,true
2018-07-06T14:53:05+0100,4828500000,519857000,true
2018-07-06T23:28:25+0100,5292120000,565498000,true
2018-07-07T07:59:48+0100,5029060000,514255000,true
2018-07-07T16:32:02+0100,5133042000,536667000,true
2018-07-08T01:04:05+0100,5289193000,562105000,true
2018-07-08T10:10:30+0100,5007240000,519946000,true
2018-07-08T18:29:45+0100,5270061000,524055000,true
2018-07-09T11:35:20+0100,5197095000,563675000,true
2018-07-09T20:08:54+0100,5006523000,525674000,true
2018-07-10T04:34:22+0100,5186389000,520946000,true
2018-07-10T12:55:39+0100,5324642000,551986000,true
2018-07-11T06:14:08+0100,5951911000,660550000,true
2018-07-11T16:54:20+0100,6511606000,703830000,true
2018-07-12T15:18:35+0100,6651780000,811500000,true
2018-07-13T01:38:30+0100,6434637000,651826000,true
2018-07-13T12:20:38+0100,6200783000,638989000,true
2018-07-13T23:31:40+0100,6223967000,669709000,true
2018-07-14T15:11:33+0100,18242383000,1829081000,true
2018-07-15T02:16:15+0100,6478486000,736505000,true
2018-07-15T12:28:02+0100,6579746000,789138000,true
2018-07-15T23:09:54+0100,6791256000,792688000,true
2018-07-16T09:43:20+0100,6902072000,811758000,true
2018-07-16T20:21:25+0100,6995325000,839786000,true
2018-07-17T08:42:30+0100,14969414000,1727745000,true
2018-07-17T19:34:30+0100,6576505000,747453000,true
2018-07-18T05:54:23+0100,6136806000,653104000,true
2018-07-18T16:04:04+0100,6084636000,707825000,true
2018-07-19T02:53:18+0100,6528593000,700593000,true
2018-07-19T13:10:55+0100,5652814000,670855000,true
2018-07-19T23:28:09+0100,6963124000,788418000,true
2018-07-20T09:32:17+0100,6188791000,693842000,true
2018-07-20T19:46:12+0100,5832916000,737074000,true
2018-07-21T05:50:39+0100,6279860000,596871000,true
2018-07-21T16:09:44+0100,6182673000,714943000,true
2018-07-22T03:04:12+0100,7065598000,778763000,true
2018-07-22T14:29:33+0100,6835627000,678560000,true
2018-07-23T01:36:46+0100,7102772000,768911000,true
2018-07-23T12:48:14+0100,6868960000,672860000,true
2018-07-23T23:08:31+0100,6059081000,674601000,true
2018-07-24T09:17:12+0100,6616242000,678336000,true
2018-07-24T19:12:28+0100,5628561000,589000000,true
2018-07-25T04:41:00+0100,5567247000,588948000,true
2018-07-25T14:02:54+0100,5503021000,585694000,true
2018-07-25T22:45:47+0100,4902926000,523516000,true
2018-07-26T07:26:52+0100,5108486000,515148000,true
2018-07-26T16:21:20+0100,5479244000,594355000,true
2018-07-27T00:51:12+0100,4880505000,507593000,true
2018-07-27T09:32:14+0100,5181360000,552778000,true
2018-07-27T20:30:05+0100,6677428000,762754000,true
2018-07-28T06:30:38+0100,5498845000,585623000,true
2018-07-28T17:44:34+0100,7045225000,711340000,true
2018-07-29T05:21:17+0100,7238247000,792916000,true
2018-07-29T17:10:51+0100,8664631000,961369000,true
2018-07-30T04:50:37+0100,7330033000,830692000,true
2018-07-30T15:58:59+0100,5238537000,517109000,true
2018-07-31T00:28:51+0100,4797279000,509176000,true
2018-07-31T09:12:40+0100,4917989000,520412000,true
2018-07-31T18:46:56+0100,5109285000,572118000,true
2018-08-01T03:23:41+0100,5232964000,546693000,true
2018-08-01T11:46:30+0100,4973138000,520558000,true
2018-08-01T20:26:00+0100,4859713000,518160000,true
2018-08-02T05:01:05+0100,4873850000,526767000,true
2018-08-02T13:32:11+0100,4913571000,513998000,true
2018-08-02T22:06:59+0100,4959080000,510079000,true
2018-08-03T06:40:01+0100,5325350000,563216000,true
2018-08-03T15:09:09+0100,5336505000,564513000,true
2018-08-03T23:52:04+0100,5243436000,558316000,true
2018-08-04T08:15:30+0100,5068259000,514910000,true
2018-08-04T16:41:47+0100,5038781000,529719000,true
2018-08-05T01:25:16+0100,4999286000,504106000,true
2018-08-05T10:00:29+0100,4850458000,517593000,true
2018-08-05T18:33:30+0100,5245505000,539403000,true
2018-08-06T03:16:57+0100,4807654000,520618000,true
2018-08-06T13:01:39+0100,7791870000,738219000,true
2018-08-07T00:44:31+0100,7188685000,777790000,true
2018-08-07T12:32:32+0100,7040201000,823093000,true
2018-08-08T00:45:33+0100,7267482000,812247000,true
2018-08-08T11:02:43+0100,4993283000,506712000,true
2018-08-08T19:53:54+0100,7416057000,675907000,true
2018-08-09T07:14:02+0100,5861608000,644072000,true
2018-08-09T17:35:50+0100,5213182000,567290000,true
2018-08-10T03:02:42+0100,5132774000,516023000,true
2018-08-10T11:48:01+0100,5097750000,559973000,true
2018-08-10T21:07:53+0100,5432054000,567454000,true
2018-08-11T06:07:47+0100,5148129000,531249000,true
2018-08-11T14:45:53+0100,4948450000,515447000,true
2018-08-11T23:22:44+0100,5121308000,569303000,true
2018-08-12T08:25:45+0100,5492918000,569245000,true
2018-08-12T17:10:46+0100,5424549000,545046000,true
2018-08-13T01:39:00+0100,4875428000,509410000,true
2018-08-13T10:13:48+0100,5211680000,564995000,true
2018-08-13T18:48:18+0100,5168174000,564940000,true
2018-08-13T19:58:16+0100,4884137000,510930000,true
2018-08-13T21:10:23+0100,4922329000,514803000,true
2018-08-13T22:20:08+0100,5372305000,571347000,true
2018-08-13T23:30:44+0100,4957902000,519912000,true
2018-08-14T00:40:17+0100,5177557000,521758000,true
2018-08-14T01:52:18+0100,4999006000,515137000,true
2018-08-14T03:04:16+0100,5389787000,562698000,true
2018-08-14T04:16:12+0100,4990915000,509461000,true
2018-08-14T05:27:18+0100,5057082000,520247000,true
2018-08-14T06:37:22+0100,4868761000,517965000,true
2018-08-14T07:49:14+0100,4830870000,516294000,true
2018-08-14T08:59:01+0100,5311339000,568008000,true
2018-08-14T10:09:15+0100,5281693000,569610000,true
2018-08-14T11:21:21+0100,5095001000,564638000,true
2018-08-14T12:31:46+0100,5277020000,574054000,true
2018-08-14T13:42:28+0100,4928928000,510235000,true
2018-08-14T14:53:13+0100,5376455000,568885000,true
2018-08-14T16:04:12+0100,4878070000,521144000,true
2018-08-14T17:15:34+0100,5137801000,527567000,true
2018-08-14T18:27:48+0100,5123358000,516512000,true
2018-08-14T19:37:40+0100,4956529000,516788000,true
2018-08-14T20:48:11+0100,5159790000,559116000,true
2018-08-14T21:59:39+0100,4937927000,523909000,true
2018-08-14T23:11:13+0100,5242641000,566501000,true
2018-08-15T00:22:24+0100,4863916000,509449000,true
2018-08-15T01:33:30+0100,5128553000,569452000,true
2018-08-15T02:45:30+0100,5438018000,569748000,true
2018-08-15T03:59:12+0100,4843592000,511945000,true
2018-08-15T05:10:41+0100,4953664000,514725000,true
2018-08-15T06:21:34+0100,5139554000,513086000,true
2018-08-15T07:31:58+0100,5210678000,552053000,true
2018-08-15T08:44:16+0100,5024527000,515792000,true
2018-08-15T09:54:47+0100,4895882000,525984000,true
2018-08-15T11:05:29+0100,5161767000,510463000,true
2018-08-15T12:22:06+0100,5547964000,576978000,true
2018-08-15T13:41:29+0100,5476324000,591702000,true
2018-08-15T14:55:07+0100,5484182000,572762000,true
2018-08-15T17:28:37+0100,5414370000,584714000,true
2018-08-15T18:43:33+0100,5520001000,588212000,true
2018-08-15T19:58:15+0100,5399645000,586130000,true
2018-08-15T21:13:48+0100,5401600000,567643000,true
2018-08-15T22:29:49+0100,5372901000,572546000,true
2018-08-15T23:45:10+0100,5479358000,579975000,true
2018-08-16T00:59:59+0100,5288115000,568857000,true
2018-08-16T02:14:00+0100,5483119000,589689000,true
2018-08-16T03:27:59+0100,5413077000,572207000,true
2018-08-16T04:42:12+0100,5376981000,574028000,true
2018-08-16T05:56:49+0100,5296297000,569610000,true
2018-08-16T07:09:20+0100,5327509000,568150000,true
2018-08-16T08:22:49+0100,5466436000,576974000,true
2018-08-16T09:37:16+0100,5335253000,578241000,true
2018-08-16T10:50:51+0100,5411881000,582969000,true
2018-08-16T12:03:24+0100,29550596000,492763000,true
2018-08-16T19:48:58+0100,35934859000,630595000,true
2018-08-17T04:06:46+0100,39239159000,658440000,true
2018-08-17T12:20:45+0100,33238863000,609073000,true
2018-08-17T20:35:25+0100,34940624000,614296000,true
2018-08-18T04:54:17+0100,40834963000,656005000,true
2018-08-18T13:09:43+0100,39094339000,676097000,true
2018-08-18T20:49:00+0100,30779046000,560282000,true
2018-08-19T03:56:39+0100,31231084000,567415000,true
2018-08-19T18:12:17+0100,31140261000,559249000,true
2018-08-20T01:24:19+0100,30690435000,561327000,true
2018-08-20T08:29:16+0100,31758146000,556161000,true
2018-08-20T15:59:44+0100,34179201000,571196000,true
2018-08-20T23:39:26+0100,31418834000,559943000,true
2018-08-21T06:45:09+0100,30954189000,552682000,true
2018-08-21T14:11:21+0100,30670496000,558312000,true
2018-08-21T21:21:02+0100,30854926000,549404000,true
2018-08-22T04:39:03+0100,30924377000,549156000,true
2018-08-22T11:56:39+0100,30869180000,549644000,true
2018-08-22T19:35:34+0100,31223827000,547552000,true
2018-08-23T03:17:16+0100,31043157000,553741000,true
2018-08-23T11:10:54+0100,33441890000,594153000,true
2018-08-23T18:59:28+0100,42783248000,787964000,true
2018-08-24T04:39:52+0100,40686960000,742353000,true
2018-08-24T12:20:22+0100,32109005000,578862000,true
2018-08-24T19:35:22+0100,41636857000,640954000,true
2018-08-25T03:37:43+0100,43198626000,811122000,true
2018-08-25T12:14:38+0100,43501063000,800889000,true
2018-08-25T20:28:28+0100,38756091000,646064000,true
2018-08-26T04:21:24+0100,32047003000,589472000,true
2018-08-26T12:08:16+0100,36331907000,605462000,true
2018-08-26T20:32:22+0100,37609450000,844144000,true
2018-08-27T05:01:49+0100,41750749000,659808000,true
2018-08-27T12:35:46+0100,32150893000,623085000,true
2018-08-27T19:53:47+0100,31281550000,569577000,true
2018-08-28T03:14:04+0100,36813087000,651982000,true
2018-08-28T11:37:43+0100,39985863000,651312000,true
2018-08-28T20:08:03+0100,44651533000,690275000,true
2018-08-29T04:42:33+0100,41421816000,679277000,true
2018-08-29T12:53:42+0100,38340091000,667545000,true
2018-08-29T21:15:22+0100,35327279000,594052000,true
2018-08-30T05:29:12+0100,34111811000,578312000,true
2018-08-30T13:48:17+0100,34676482000,620824000,true
2018-08-30T22:07:01+0100,35412160000,591230000,true
2018-08-31T06:17:25+0100,33572444000,571107000,true
2018-08-31T14:26:28+0100,33938957000,573601000,true
2018-08-31T22:41:47+0100,36158062000,619421000,true
2018-09-01T06:53:13+0100,34923074000,633632000,true
2018-09-01T15:17:33+0100,33379321000,589522000,true
2018-09-01T23:32:23+0100,36093650000,597100000,true
2018-09-02T07:45:20+0100,36524553000,623422000,true
2018-09-02T17:10:48+0100,43634102000,815386000,true
2018-09-03T02:22:15+0100,35163122000,619598000,true
2018-09-03T10:40:39+0100,34916820000,613927000,true
2018-09-03T19:10:53+0100,44798934000,860008000,true
2018-09-04T04:11:43+0100,41768327000,696728000,true
2018-09-04T12:54:27+0100,39745401000,786246000,true
2018-09-04T21:18:17+0100,34364395000,720621000,true
2018-09-05T09:59:40+0100,34434211000,593007000,true
2018-09-05T17:33:13+0100,30191071000,548629000,true
2018-09-06T00:55:51+0100,30954963000,503711000,true
2018-09-06T08:08:21+0100,31927528000,529811000,true
2018-09-06T15:15:19+0100,33492421000,559798000,true
2018-09-06T22:28:37+0100,34267064000,617704000,true
2018-09-07T05:43:54+0100,33856853000,577424000,true
2018-09-07T12:54:29+0100,33700288000,587838000,true
2018-09-07T20:09:09+0100,31496782000,549958000,true
2018-09-08T03:26:46+0100,31762897000,560684000,true
2018-09-08T10:43:42+0100,31951540000,563076000,true
2018-09-08T18:27:25+0100,36087424000,617297000,true
2018-09-09T02:38:42+0100,36786024000,650325000,true
2018-09-09T10:54:54+0100,37484440000,607908000,true
2018-09-09T19:44:12+0100,35800007000,610802000,true
2018-09-10T04:36:31+0100,37893366000,636507000,true
2018-09-10T13:01:29+0100,37695077000,672630000,true
2018-09-10T21:18:22+0100,34941060000,617766000,true
2018-09-11T05:29:52+0100,32598810000,562130000,true
2018-09-11T20:29:21+0100,43702306000,631443000,true
2018-09-12T14:26:41+0100,41636175000,631488000,true
2018-09-12T23:25:05+0100,41592302000,779014000,true
2018-09-13T06:46:11+0100,30004271000,525289000,true
2018-09-13T15:14:58+0100,6561174000,667939000,true
2018-09-13T16:37:23+0100,7554753000,693635000,true
2018-09-13T17:58:41+0100,6254668000,645660000,true
2018-09-13T19:16:55+0100,5918068000,618676000,true
2018-09-13T20:33:47+0100,6037864000,628727000,true
2018-09-13T21:53:04+0100,6938717000,768839000,true
2018-09-13T23:18:21+0100,6057346000,638092000,true
2018-09-14T00:45:23+0100,6409248000,658523000,true
2018-09-14T02:12:51+0100,6026525000,623943000,true
2018-09-14T03:37:43+0100,6047890000,624279000,true
2018-09-14T05:02:03+0100,6664044000,668035000,true
2018-09-14T06:26:19+0100,7475470000,694651000,true
2018-09-14T07:50:23+0100,6034171000,620499000,true
2018-09-14T09:16:43+0100,6109164000,637430000,true
2018-09-14T10:43:50+0100,6000500000,638547000,true
2018-09-14T12:11:18+0100,6312923000,666877000,true
2018-09-14T13:38:17+0100,6179376000,640587000,true
2018-09-14T15:04:51+0100,6257721000,647101000,true
2018-09-14T16:33:27+0100,6035371000,631217000,true
2018-09-14T18:01:27+0100,6046382000,634206000,true
2018-09-14T19:30:25+0100,6447979000,660541000,true
2018-09-14T20:57:21+0100,6633019000,701559000,true
2018-09-14T22:23:35+0100,6305956000,653289000,true
2018-09-14T23:53:03+0100,5967869000,620995000,true
2018-09-15T01:15:38+0100,6152974000,652681000,true
2018-09-15T02:43:20+0100,6096085000,635994000,true
2018-09-15T04:12:19+0100,6389277000,654809000,true
2018-09-15T05:38:44+0100,6624979000,672362000,true
2018-09-15T07:03:01+0100,6989997000,678227000,true
2018-09-15T08:27:42+0100,6021511000,630263000,true
2018-09-15T09:52:32+0100,6518163000,636428000,true
2018-09-15T11:21:27+0100,6191616000,627046000,true
2018-09-15T12:49:31+0100,6723716000,731035000,true
2018-09-15T14:17:17+0100,6860772000,720368000,true
2018-09-15T15:44:45+0100,6153945000,651318000,true
2018-09-15T17:13:45+0100,6932644000,697539000,true
2018-09-15T18:42:42+0100,7138303000,761969000,true
2018-09-15T20:11:04+0100,6586916000,638039000,true
2018-09-15T21:40:07+0100,6544732000,804267000,true
2018-09-16T00:31:21+0100,6137924000,667551000,true
2018-09-16T01:59:33+0100,6016859000,616716000,true
2018-09-16T03:23:50+0100,6223929000,625829000,true
2018-09-16T04:49:26+0100,6295024000,676258000,true
2018-09-16T06:15:57+0100,6085904000,642049000,true
2018-09-16T07:41:59+0100,5948946000,624874000,true
2018-09-16T09:08:20+0100,6223994000,634654000,true
2018-09-16T10:33:35+0100,6039739000,633306000,true
2018-09-16T11:56:40+0100,6092842000,648286000,true
2018-09-16T13:26:28+0100,7261537000,781348000,true
2018-09-16T14:58:49+0100,8192420000,835511000,true
2018-09-16T16:29:09+0100,6350757000,727688000,true
2018-09-16T17:58:06+0100,7924145000,785600000,true
2018-09-16T19:25:42+0100,7126709000,742764000,true
2018-09-16T20:54:13+0100,6410647000,630712000,true
2018-09-16T22:22:33+0100,7226913000,765875000,true
2018-09-16T23:51:08+0100,7321941000,809222000,true
2018-09-17T01:19:23+0100,6599356000,769357000,true
2018-09-17T02:45:57+0100,6346032000,662255000,true
2018-09-17T04:14:35+0100,6426562000,725658000,true
2018-09-17T05:41:36+0100,6827781000,764996000,true
2018-09-17T07:09:00+0100,6613143000,681146000,true
2018-09-17T08:36:40+0100,7398664000,686549000,true
2018-09-17T10:07:19+0100,7860773000,780934000,true
2018-09-17T11:36:44+0100,7741792000,834474000,true
2018-09-17T13:06:57+0100,7783156000,694691000,true
2018-09-17T14:36:59+0100,7771111000,811874000,true
2018-09-17T16:07:46+0100,8228006000,879434000,true
2018-09-17T17:38:25+0100,7937163000,963592000,true
2018-09-17T19:08:53+0100,7755516000,804698000,true
2018-09-17T20:38:58+0100,7809312000,810943000,true
2018-09-17T22:09:00+0100,8405738000,882473000,true
2018-09-17T23:39:24+0100,6912032000,741471000,true
2018-09-18T01:12:06+0100,7456565000,757172000,true
2018-09-18T02:42:30+0100,7878283000,773822000,true
2018-09-18T04:13:07+0100,6918194000,767036000,true
2018-09-18T05:43:08+0100,6305113000,645990000,true
2018-09-18T07:11:10+0100,6176014000,657550000,true
2018-09-18T08:36:22+0100,5952590000,628445000,true
2018-09-18T09:54:31+0100,5991917000,625928000,true
2018-09-18T11:10:49+0100,5997622000,633165000,true
2018-09-18T12:28:44+0100,5940964000,621044000,true
2018-09-18T13:47:32+0100,6455516000,659529000,true
2018-09-18T15:16:10+0100,7545584000,770014000,true
2018-09-18T16:56:01+0100,8499208000,872498000,true
2018-09-18T18:36:03+0100,8710375000,918866000,true
2018-09-18T20:21:33+0100,8482220000,897623000,true
2018-09-18T22:01:59+0100,8927395000,854419000,true
2018-09-18T23:49:21+0100,7931350000,805406000,true
2018-09-19T01:34:54+0100,8048765000,809601000,true
2018-09-19T03:06:41+0100,7117400000,686145000,true
2018-09-19T04:36:15+0100,6971941000,647536000,true
2018-09-19T06:06:11+0100,7354057000,772972000,true
2018-09-19T07:35:27+0100,7705487000,757514000,true
2018-09-19T09:04:36+0100,7339851000,789863000,true
2018-09-19T10:38:59+0100,7762889000,876598000,true
2018-09-19T12:15:38+0100,26529194000,921077000,true
2018-09-19T17:24:01+0100,26171245000,865794000,true
2018-09-19T22:38:36+0100,26286824000,874515000,true
2018-09-20T03:47:40+0100,25205260000,802281000,true
2018-09-20T08:59:35+0100,25998109000,770597000,true
2018-09-20T14:28:28+0100,25071306000,923638000,true
2018-09-20T19:38:22+0100,26863130000,803844000,true
2018-09-21T01:30:05+0100,24961969000,835291000,true
2018-09-21T06:40:00+0100,23150646000,834976000,true
2018-09-21T11:41:45+0100,26763959000,856287000,true
2018-09-21T17:48:00+0100,25528657000,892188000,true
2018-09-21T23:35:50+0100,25606010000,897471000,true
2018-09-22T05:38:02+0100,25935698000,938129000,true
2018-09-22T11:28:05+0100,26667164000,1020101000,true
2018-09-22T17:21:33+0100,26119375000,869019000,true
2018-09-22T22:40:14+0100,24533699000,859960000,true
2018-09-23T04:06:07+0100,22461248000,792474000,true
2018-09-23T08:15:18+0100,17641538000,630034000,true
2018-09-23T12:29:27+0100,22440670000,868087000,true
2018-09-23T17:13:52+0100,23070045000,798954000,true
2018-09-23T21:36:29+0100,23875990000,766337000,true
2018-09-24T02:25:41+0100
2018-09-24T02:25:41+0100,23473227000,829796000,true
2018-09-24T07:13:31+0100,23970334000,713968000,true
2018-09-24T16:29:36+0100,17936960000,630653000,true
2018-09-24T20:46:18+0100,23904996000,810894000,true
2018-09-25T01:34:52+0100,18844377000,685250000,true
2018-09-25T10:34:19+0100,18442021000,652157000,true
2018-09-25T15:34:15+0100
2018-09-25T15:34:15+0100,25043876000,881850000,true
2018-09-25T20:31:41+0100,25435816000,808496000,true
2018-09-26T01:31:02+0100,24622004000,843088000,true
2018-09-26T06:25:27+0100,24482121000,758212000,true
2018-09-26T11:18:37+0100,25776506000,969486000,true
2018-09-26T16:11:43+0100,25245679000,867314000,true
2018-09-26T21:09:39+0100,25439642000,871855000,true
2018-09-27T02:07:22+0100,24641670000,812986000,true
2018-09-27T06:56:30+0100,20744353000,727400000,true
2018-09-27T11:37:33+0100,21958768000,743048000,true
2018-09-27T16:19:17+0100,22094822000,861269000,true
2018-09-27T21:01:17+0100,19902658000,715647000,true
2018-09-28T01:39:06+0100,19381998000,654121000,true
2018-09-28T06:18:04+0100,21925543000,778722000,true
2018-09-28T11:01:38+0100,21493753000,717201000,true
2018-09-28T15:44:54+0100,17147113000,623996000,true
2018-09-28T20:22:04+0100,24137398000,884069000,true
2018-09-29T01:00:19+0100,19673991000,671909000,true
2018-09-29T05:40:31+0100,19978440000,705541000,true
2018-09-29T10:18:33+0100,21221363000,831533000,true
2018-09-29T14:44:16+0100,17941192000,637442000,true
2018-09-29T19:05:31+0100,22586709000,783122000,true
2018-09-29T23:52:52+0100,18180813000,656254000,true
2018-09-30T05:03:22+0100,22719224000,645925000,true
2018-09-30T10:03:44+0100,25586608000,816210000,true
2018-09-30T14:42:48+0100,16642230000,590013000,true
2018-09-30T19:19:05+0100,19732507000,718832000,true
2018-09-30T23:54:48+0100,18549017000,649352000,true
2018-10-01T04:27:17+0100,18147408000,663379000,true
2018-10-01T08:36:19+0100,21417860000,786357000,true
2018-10-01T13:15:51+0100,20836128000,654262000,true
2018-10-01T17:56:33+0100,18823546000,719620000,true
2018-10-01T22:31:25+0100,19215887000,701238000,true
2018-10-02T03:11:36+0100,26262121000,904179000,true
2018-10-02T08:10:30+0100,24882836000,890490000,true
2018-10-02T13:15:43+0100,26267987000,910497000,true
2018-10-02T18:03:44+0100,22634902000,807064000,true
2018-10-02T22:57:42+0100,25492532000,815633000,true
2018-10-03T04:04:21+0100,21705455000,768988000,true
2018-10-03T08:44:18+0100,24805653000,890335000,true
2018-10-03T13:56:21+0100,24796132000,882027000,true
2018-10-03T18:43:41+0100,26168507000,894832000,true
2018-10-03T23:34:35+0100,25122981000,928976000,true
2018-10-04T03:52:46+0100,15836415000,588196000,true
2018-10-04T07:41:39+0100,15227479000,526633000,true
2018-10-04T12:15:45+0100,25208108000,955075000,true
2018-10-04T17:12:20+0100,24483673000,901693000,true
2018-10-04T22:18:17+0100,25342649000,909517000,true
2018-10-05T03:33:43+0100,24818056000,881830000,true
2018-10-05T08:25:53+0100,23793167000,857096000,true
2018-10-05T13:11:39+0100,22626133000,860855000,true
2018-10-05T17:57:41+0100,21589073000,819648000,true
2018-10-05T22:39:06+0100,20076139000,798025000,true
2018-10-06T03:04:32+0100,18232038000,709800000,true
2018-10-06T07:34:28+0100,18852528000,631069000,true
2018-10-06T12:02:22+0100,25485966000,797322000,true
2018-10-06T16:46:26+0100,18414958000,652641000,true
2018-10-06T20:55:19+0100,17140819000,613620000,true
2018-10-07T00:45:59+0100,17354422000,620037000,true
2018-10-07T04:37:21+0100,17660519000,634599000,true
2018-10-07T08:28:40+0100,16413387000,702922000,true
2018-10-07T12:20:02+0100,16959634000,668255000,true
2018-10-07T16:09:40+0100,15957849000,660659000,true
2018-10-07T20:01:54+0100,17480280000,628036000,true
2018-10-08T00:05:41+0100,17584116000,623742000,true
2018-10-08T04:01:52+0100,17724844000,651808000,true
2018-10-08T08:03:37+0100,17271810000,616546000,true
2018-10-08T12:05:03+0100,16763492000,578700000,true
2018-10-08T16:00:26+0100,16961215000,696622000,true
2018-10-08T19:59:49+0100,18113057000,598276000,true
2018-10-08T23:58:06+0100,18558005000,639331000,true
2018-10-09T03:51:02+0100,17645912000,628310000,true
2018-10-09T07:51:28+0100,17613924000,645945000,true
2018-10-09T11:44:59+0100,24695235000,799318000,true
2018-10-09T16:30:18+0100,25708124000,933186000,true
2018-10-09T21:20:22+0100,20785402000,706805000,true
2018-10-10T01:54:55+0100,21587639000,943957000,true
2018-10-10T06:46:24+0100,25260690000,830443000,true
2018-10-10T11:36:48+0100,20017856000,649928000,true
2018-10-10T16:31:33+0100,18636971000,748221000,true
2018-10-10T21:21:30+0100,25702544000,874898000,true
2018-10-11T02:10:15+0100,25234973000,853879000,true
2018-10-11T07:04:21+0100,23859217000,815169000,true
2018-10-11T11:40:30+0100,17685350000,630663000,true
2018-10-11T16:17:08+0100,18163863000,687662000,true
2018-10-11T21:06:51+0100,23352278000,829426000,true
2018-10-12T01:49:44+0100,18958790000,655257000,true
2018-10-12T06:35:49+0100,22087168000,763621000,true
2018-10-12T11:18:21+0100,26387505000,995586000,true
2018-10-12T20:49:36+0100,25222145000,944954000,true
2018-10-13T01:30:24+0100,19613168000,657242000,true
2018-10-13T06:07:17+0100,18123282000,645635000,true
2018-10-13T10:56:21+0100,18232706000,665844000,true
2018-10-13T15:55:28+0100,24954674000,822777000,true
2018-10-13T20:24:16+0100,18248630000,628473000,true
2018-10-14T04:35:38+0100
2018-10-14T04:35:38+0100,18846026000,621762000,true
2018-10-14T08:54:42+0100
2018-10-14T08:54:42+0100,18310212000,671058000,true
2018-10-14T13:09:21+0100,18040280000,648259000,true
2018-10-14T17:41:35+0100
2018-10-14T17:41:35+0100,18611828000,676088000,true
2018-10-14T22:09:52+0100,19615300000,663911000,true
2018-10-15T02:24:13+0100
2018-10-15T02:24:13+0100,17603864000,667776000,true
2018-10-15T06:20:43+0100
2018-10-15T06:20:43+0100
2018-10-15T06:20:43+0100,17771362000,657325000,true
2018-10-15T10:24:36+0100,19731800000,646145000,true
2018-10-15T14:52:17+0100,24065036000,867064000,true
2018-10-15T19:51:24+0100,24380761000,886841000,true
2018-10-16T00:37:53+0100,25038137000,897631000,true
2018-10-16T05:30:27+0100,21199246000,613933000,true
2018-10-16T10:08:29+0100,20902865000,777109000,true
2018-10-18T10:50:23+0100,23985370000,799332000,true
2018-10-18T17:52:13+0100,20276325000,649330000,true
2018-10-19T00:46:00+0100,19406728000,641190000,true
2018-10-19T07:30:18+0100,20132872000,674725000,true
2018-10-19T14:19:25+0100,20268084000,679063000,true
2018-10-19T21:13:38+0100,27759870000,906291000,true
2018-10-20T04:45:23+0100,27100709000,941018000,true
2018-10-20T12:23:04+0100,26897003000,788908000,true
2018-10-20T19:50:51+0100,27509865000,768754000,true
2018-10-21T03:23:19+0100,26410783000,838429000,true
2018-10-21T10:54:36+0100,26287684000,890422000,true
2018-10-21T18:23:07+0100,17778314000,582698000,true
2018-10-22T01:06:37+0100,17598630000,569540000,true
2018-10-22T07:08:11+0100,17800790000,599740000,true
2018-10-22T13:57:07+0100,20911567000,647171000,true
2018-10-22T19:51:41+0100,18520293000,600041000,true
2018-10-23T02:00:07+0100,17775190000,575900000,true
2018-10-23T08:01:46+0100,17622107000,581643000,true
