2018-04-04T12:08+0100,112347000,207602000,[  ]
2018-04-04T12:09+0100,93124000,212106000,[  ]
2018-04-04T14:18+0100,124581000,212029000,[  ]
2018-04-04T14:27+0100,123327000,216431000,[  ]
2018-04-04T14:28+0100,102404000,209177000,[  ]
2018-04-04T14:29+0100,102377000,214073000,[  ]
2018-04-04T14:30+0100,124272000,237948000,[  ]
2018-04-04T14:31+0100,124564000,245706000,[  ]
2018-04-04T14:32+0100,116562000,221686000,[  ]
2018-04-04T14:34+0100,134377000,234658000,[  ]
2018-04-04T14:35+0100,88854000,213125000,[  ]
2018-04-04T14:36+0100,68673000,218004000,[  ]
2018-04-04T14:37+0100,71290000,284666000,[  ]
2018-04-04T14:38+0100,120135000,246674000,[  ]
2018-04-04T14:39+0100,132125000,252826000,[  ]
2018-04-04T14:41+0100,123800000,257271000,[  ]
2018-04-04T14:42+0100,116870000,210363000,[  ]
2018-04-04T14:43+0100,140335000,190642000,[  ]
2018-04-04T14:44+0100,122831000,241103000,[  ]
2018-04-04T14:45+0100,125210000,244680000,[  ]
2018-04-04T14:47+0100,89976000,233371000,[  ]
2018-04-04T14:48+0100,127104000,240755000,[  ]
2018-04-04T14:49+0100,124351000,243883000,[  ]
2018-04-04T14:50+0100,122743000,237614000,[  ]
2018-04-04T14:52+0100,90763000,233971000,[  ]
2018-04-04T14:53+0100,102695000,233583000,[  ]
2018-04-04T14:54+0100,125300000,246950000,[  ]
2018-04-04T14:55+0100,113287000,240940000,[  ]
2018-04-04T14:56+0100,103309000,241115000,[  ]
2018-04-04T14:58+0100,125356000,246369000,[  ]
2018-04-04T14:59+0100,95927000,238926000,[  ]
2018-04-04T15:00+0100,103887000,237246000,[  ]
2018-04-04T15:01+0100,101770000,200307000,[  ]
2018-04-04T15:03+0100,85683000,251734000,[  ]
2018-04-04T15:04+0100,123057000,249756000,[  ]
2018-04-04T15:05+0100,123643000,244704000,[  ]
2018-04-04T15:06+0100,125186000,256875000,[  ]
2018-04-04T15:08+0100,98262000,244978000,[  ]
2018-04-04T15:09+0100,83172000,234290000,[  ]
2018-04-04T15:10+0100,95467000,238571000,[  ]
2018-04-04T15:11+0100,126961000,247024000,[  ]
2018-04-04T15:12+0100,121236000,243841000,[  ]
2018-04-04T15:14+0100,77834000,234881000,[  ]
2018-04-04T15:15+0100,97946000,237233000,[  ]
2018-04-04T15:16+0100,75657000,236181000,[  ]
2018-04-04T15:17+0100,118897000,238321000,[  ]
2018-04-04T15:19+0100,123324000,245294000,[  ]
2018-04-04T15:20+0100,111001000,233658000,[  ]
2018-04-04T15:21+0100,89768000,248434000,[  ]
2018-04-04T15:22+0100,90224000,241193000,[  ]
2018-04-04T15:23+0100,84574000,231962000,[  ]
2018-04-04T15:25+0100,124252000,247174000,[  ]
2018-04-04T15:26+0100,127286000,245919000,[  ]
2018-04-04T15:27+0100,88429000,234315000,[  ]
2018-04-04T15:28+0100,76063000,235656000,[  ]
2018-04-04T15:30+0100,92999000,230641000,[  ]
2018-04-04T15:31+0100,97949000,236490000,[  ]
2018-04-04T15:32+0100,115504000,237167000,[  ]
2018-04-04T15:33+0100,117770000,236289000,[  ]
2018-04-04T15:35+0100,82738000,235629000,[  ]
2018-04-04T15:36+0100,96223000,239254000,[  ]
2018-04-04T15:37+0100,76350000,237897000,[  ]
2018-04-04T15:38+0100,129547000,248731000,[  ]
2018-04-04T15:39+0100,125550000,242702000,[  ]
2018-04-04T15:41+0100,91266000,235053000,[  ]
2018-04-04T15:42+0100,92858000,237190000,[  ]
2018-04-04T15:43+0100,84029000,229664000,[  ]
2018-04-04T15:44+0100,94510000,239093000,[  ]
2018-04-04T15:46+0100,126224000,241117000,[  ]
2018-04-04T15:47+0100,125689000,244381000,[  ]
2018-04-04T15:48+0100,125066000,242046000,[  ]
2018-04-04T15:49+0100,82143000,232353000,[  ]
2018-04-04T15:50+0100,125227000,239591000,[  ]
2018-04-04T15:51+0100,94548000,205221000,[  ]
2018-04-04T15:53+0100,71408000,284504000,[  ]
2018-04-04T15:53+0100,109198000,243871000,[  ]
2018-04-05T09:24+0100,134662000,255341000,[  ]
2018-04-05T12:25+0100,134550000,505686000,[  ]
2018-04-25T16:32+0100,300747000,122638000,[  ]
2018-04-26T09:54+0100,0,0,false
2018-04-26T10:00+0100,0,0,false
2018-04-26T10:33+0100,0,0,false
2018-04-26T11:09+0100,203095000,0,false
2018-04-27T10:12+0100,292529000,0,false
2018-04-27T10:13+0100,263404000,0,false
2018-05-22T10:52+0100,148448000,0,false
2018-05-22T14:13+0100,134117000,0,false
2018-05-23T10:29+0100,139937000,0,false
2018-05-23T10:30+0100,137314000,0,false
2018-05-23T13:55+0100,138637000,0,false
2018-05-23T17:14+0100,140833000,0,false
2018-05-25T17:12+0100,145623000,0,false
2018-05-28T16:01+0100,147709000,0,false
2018-05-28T16:35+0100,81038000,0,false
2018-05-28T16:37+0100,140211000,0,false
2018-05-28T16:39+0100,131581000,0,false
2018-05-28T16:41+0100,82854000,0,false
2018-05-28T16:42+0100,140736000,0,false
2018-05-28T16:44+0100,143439000,0,false
2018-05-28T16:45+0100,89308000,0,false
2018-05-28T16:46+0100,139348000,0,false
2018-05-29T04:04+0100,144163000,0,false
2018-05-29T09:28+0100,79776000,95881000,[  ]
2018-05-29T09:29+0100,94157000,148801000,[  ]
2018-05-29T09:31+0100,141500000,126814000,[  ]
2018-05-29T09:31+0100,80014000,101733000,[  ]
2018-05-29T10:38:05+0100,113912000,17086000,[  ]
2018-05-29T10:42:44+0100,113104000,22349000,[  ]
2018-05-29T10:44:34+0100,116473000,21830000,[  ]
2018-05-29T10:52:43+0100,154288000,135418000,[  ]
2018-05-29T10:53:24+0100,148821000,161401000,[  ]
2018-05-29T22:29:01+0100,130793000,122857000,[  ]
2018-05-30T09:53:58+0100,147345000,121466000,[  ]
2018-05-30T21:27:13+0100,112663000,122894000,[  ]
2018-05-31T08:16:39+0100,144157000,127142000,[  ]
2018-05-31T18:33:03+0100,260912000,18641000,[  ]
2018-06-01T06:17:19+0100,280926000,18556000,[  ]
2018-06-01T16:50:30+0100,264563000,15671000,[  ]
2018-06-02T03:33:57+0100,250273000,18258000,true
2018-06-02T14:17:13+0100,302151000,17074000,true
2018-06-03T00:47:54+0100,263265000,16830000,true
2018-06-03T11:34:55+0100,296983000,17611000,true
2018-06-03T21:58:28+0100,261414000,18476000,true
2018-06-04T08:35:30+0100,303931000,17253000,true
2018-06-04T19:02:07+0100,293016000,18365000,true
2018-06-05T06:22:13+0100,297831000,18526000,true
2018-06-18T15:37:00+0100,260597000,17512000,true
2018-06-18T15:37:14+0100,249464000,20185000,true
2018-06-19T03:03:12+0100,279015000,15671000,true
2018-06-19T03:08:46+0100,307763000,17530000,true
2018-06-19T15:08:10+0100,260871000,25434000,true
2018-06-19T15:59:57+0100,242030000,27051000,true
2018-06-20T04:27:43+0100,276054000,16183000,true
2018-06-20T05:25:12+0100,280343000,17601000,true
2018-06-20T16:32:05+0100,315403000,17105000,true
2018-06-20T17:48:48+0100,265902000,17280000,true
2018-06-21T04:29:34+0100,191638000,17353000,true
2018-06-21T05:40:44+0100,229164000,17378000,true
2018-06-21T15:51:35+0100,271483000,17365000,true
2018-06-21T17:05:35+0100,266761000,17014000,true
2018-06-22T04:40:54+0100,264831000,17315000,true
2018-06-22T06:10:29+0100,282736000,17386000,true
2018-06-22T16:06:20+0100,279909000,17246000,true
2018-06-22T17:47:48+0100,286621000,16914000,true
2018-06-23T03:26:17+0100,269328000,15471000,true
2018-06-23T05:15:17+0100,228640000,15346000,true
2018-06-23T14:26:55+0100,281728000,17031000,true
2018-06-23T17:03:39+0100,236078000,17269000,true
2018-06-24T01:49:17+0100,249776000,15865000,true
2018-06-24T04:44:40+0100,257776000,18658000,true
2018-06-24T13:43:11+0100,236760000,17617000,true
2018-06-24T16:39:51+0100,251452000,17286000,true
2018-06-25T01:16:48+0100,253262000,17025000,true
2018-06-25T04:08:00+0100,250060000,17074000,true
2018-06-25T12:32:07+0100,267751000,17572000,true
2018-06-25T15:58:50+0100,241934000,17418000,true
2018-06-25T22:50:51+0100,251329000,17398000,true
2018-06-26T02:22:02+0100,180815000,17475000,true
2018-06-26T09:23:11+0100,268218000,18360000,true
2018-06-26T12:49:00+0100,174730000,18028000,true
2018-06-26T19:20:54+0100,290540000,16303000,true
2018-06-26T22:57:29+0100,255695000,21221000,true
2018-06-27T04:15:55+0100,268873000,17242000,true
2018-06-27T07:59:18+0100,239188000,18933000,true
2018-06-27T13:26:27+0100,421614000,26970000,true
2018-06-27T18:23:43+0100,334523000,31506000,true
2018-06-28T01:08:20+0100,399020000,24719000,true
2018-06-28T06:20:02+0100,468517000,24144000,true
2018-06-28T13:15:56+0100,342804000,23346000,true
2018-06-28T17:36:52+0100,330991000,17075000,true
2018-06-28T22:50:44+0100,322924000,16880000,true
2018-06-29T03:20:14+0100,392960000,16862000,true
2018-06-29T08:36:30+0100,318326000,16933000,true
2018-06-29T13:08:44+0100,254793000,17291000,true
2018-06-29T18:57:58+0100,293175000,19098000,true
2018-06-29T22:37:00+0100,355164000,25739000,true
2018-06-30T05:06:05+0100,287597000,18067000,true
2018-06-30T08:37:06+0100,317657000,25028000,true
2018-06-30T14:56:39+0100,294727000,18760000,true
2018-06-30T18:37:10+0100,297919000,18304000,true
2018-07-01T00:45:24+0100,253621000,16889000,true
2018-07-01T03:27:52+0100,279698000,16869000,true
2018-07-01T12:29:52+0100,309166000,18597000,true
2018-07-01T18:58:57+0100,312971000,17287000,true
2018-07-01T21:40:11+0100,268031000,17191000,true
2018-07-02T04:11:15+0100,240306000,18151000,true
2018-07-02T07:09:49+0100,238199000,17446000,true
2018-07-02T11:38:45+0100,315009000,17341000,true
2018-07-02T20:22:19+0100,296219000,17061000,true
2018-07-03T06:22:22+0100,374230000,19895000,true
2018-07-03T16:29:30+0100,256789000,16813000,true
2018-07-04T01:08:11+0100,269057000,16285000,true
2018-07-04T09:49:21+0100,265913000,17527000,true
2018-07-04T18:11:55+0100,267537000,17488000,true
2018-07-05T03:04:09+0100,270385000,18078000,true
2018-07-05T11:32:14+0100,274101000,17014000,true
2018-07-05T20:47:45+0100,285197000,19414000,true
2018-07-06T06:02:45+0100,280736000,17435000,true
2018-07-06T14:53:05+0100,275291000,15984000,true
2018-07-06T23:28:25+0100,281030000,17023000,true
2018-07-07T07:59:48+0100,273230000,17211000,true
2018-07-07T16:32:02+0100,277836000,17108000,true
2018-07-08T01:04:05+0100,268030000,17211000,true
2018-07-08T10:10:30+0100,257494000,17960000,true
2018-07-08T18:29:45+0100,269956000,17637000,true
2018-07-09T02:59:14+0100,274506000,17252000,true
2018-07-09T11:35:20+0100,274798000,17320000,true
2018-07-09T20:08:54+0100,289989000,17483000,true
2018-07-10T04:34:22+0100,274567000,17448000,true
2018-07-10T12:55:39+0100,243191000,16905000,true
2018-07-10T21:32:28+0100,275487000,16982000,true
2018-07-11T06:14:08+0100,361391000,17876000,true
2018-07-11T16:54:20+0100,274902000,22611000,true
2018-07-12T04:13:41+0100,315648000,21686000,true
2018-07-12T15:18:35+0100,305986000,21048000,true
2018-07-13T01:38:30+0100,269253000,19038000,true
2018-07-13T12:20:38+0100,293310000,16787000,true
2018-07-13T23:31:40+0100,218815000,17461000,true
2018-07-14T15:11:32+0100,577462000,41988000,true
2018-07-15T02:16:14+0100,315553000,21269000,true
2018-07-15T12:28:02+0100,302284000,24063000,true
2018-07-15T23:09:53+0100,278388000,18251000,true
2018-07-16T09:43:19+0100,335266000,20987000,true
2018-07-16T20:21:24+0100,265071000,22596000,true
2018-07-17T08:42:29+0100,565954000,54745000,true
2018-07-17T19:34:29+0100,272307000,17598000,true
2018-07-18T05:54:23+0100,207467000,17502000,true
2018-07-18T16:04:04+0100,213446000,17685000,true
2018-07-19T02:53:18+0100,338618000,17704000,true
2018-07-19T13:10:55+0100,266322000,17803000,true
2018-07-19T23:28:09+0100,263764000,28354000,true
2018-07-20T09:32:17+0100,247695000,17697000,true
2018-07-20T19:46:12+0100,268420000,19122000,true
2018-07-21T05:50:39+0100,260892000,19034000,true
2018-07-21T16:09:44+0100,223432000,17584000,true
2018-07-22T03:04:12+0100,260185000,19421000,true
2018-07-22T14:29:33+0100,279149000,21010000,true
2018-07-23T01:36:46+0100,253726000,67971000,true
2018-07-23T12:48:14+0100,263178000,17691000,true
2018-07-23T23:08:31+0100,287597000,21494000,true
2018-07-24T09:17:12+0100,297032000,20784000,true
2018-07-24T19:12:27+0100,475880000,20519000,true
2018-07-25T04:41:00+0100,322631000,18917000,true
2018-07-25T14:02:54+0100,270376000,18003000,true
2018-07-25T22:45:47+0100,259988000,17616000,true
2018-07-26T07:26:51+0100,267396000,18347000,true
2018-07-26T16:21:20+0100,411776000,17958000,true
2018-07-27T00:51:12+0100,288862000,17157000,true
2018-07-27T09:32:14+0100,292514000,16984000,true
2018-07-27T20:30:05+0100,362221000,28005000,true
2018-07-28T06:30:38+0100,293106000,17198000,true
2018-07-28T17:44:33+0100,358256000,23944000,true
2018-07-29T05:21:16+0100,299016000,24416000,true
2018-07-29T17:10:50+0100,307996000,24404000,true
2018-07-30T04:50:37+0100,298379000,25611000,true
2018-07-30T15:58:59+0100,258502000,17487000,true
2018-07-31T00:28:51+0100,277651000,16943000,true
2018-07-31T09:12:40+0100,272171000,17862000,true
2018-07-31T18:46:55+0100,255028000,17664000,true
2018-08-01T03:23:41+0100,257320000,17995000,true
2018-08-01T11:46:30+0100,267636000,17706000,true
2018-08-01T20:26:00+0100,272058000,17521000,true
2018-08-02T05:01:05+0100,277295000,17800000,true
2018-08-02T13:32:10+0100,275964000,16926000,true
2018-08-02T22:06:59+0100,281697000,17359000,true
2018-08-03T06:40:00+0100,266117000,17006000,true
2018-08-03T15:09:09+0100,276121000,17337000,true
2018-08-03T23:52:04+0100,254821000,17469000,true
2018-08-04T08:15:30+0100,272830000,17700000,true
2018-08-04T16:41:47+0100,272488000,16029000,true
2018-08-05T01:25:16+0100,295024000,17029000,true
2018-08-05T10:00:29+0100,305043000,29935000,true
2018-08-05T18:33:30+0100,268448000,17059000,true
2018-08-06T03:16:57+0100,349771000,17388000,true
2018-08-06T13:01:39+0100,312078000,25107000,true
2018-08-07T00:44:31+0100,384767000,24536000,true
2018-08-07T12:32:32+0100,363522000,27528000,true
2018-08-08T00:45:32+0100,254725000,24254000,true
2018-08-08T11:02:43+0100,290191000,17103000,true
2018-08-08T19:53:54+0100,280593000,20365000,true
2018-08-09T07:14:02+0100,353937000,21291000,true
2018-08-09T17:35:50+0100,275346000,17447000,true
2018-08-10T03:02:42+0100,268055000,18175000,true
2018-08-10T11:48:01+0100,265031000,17797000,true
2018-08-10T21:07:52+0100,334875000,18049000,true
2018-08-11T06:07:47+0100,273394000,17312000,true
2018-08-11T14:45:53+0100,285502000,17948000,true
2018-08-11T23:22:44+0100,274148000,18217000,true
2018-08-12T08:25:44+0100,279303000,17538000,true
2018-08-12T17:10:46+0100,282807000,17467000,true
2018-08-13T01:39:00+0100,280774000,17165000,true
2018-08-13T10:13:47+0100,272581000,17707000,true
2018-08-13T18:48:18+0100,275931000,16181000,true
2018-08-13T19:58:16+0100,286728000,16377000,true
2018-08-13T21:10:23+0100,271145000,17402000,true
2018-08-13T22:20:08+0100,278723000,16995000,true
2018-08-13T23:30:43+0100,266181000,17448000,true
2018-08-14T00:40:17+0100,273809000,17315000,true
2018-08-14T01:52:18+0100,268582000,17174000,true
2018-08-14T03:04:16+0100,282166000,17981000,true
2018-08-14T04:16:12+0100,259859000,16945000,true
2018-08-14T05:27:18+0100,262402000,16870000,true
2018-08-14T06:37:22+0100,265731000,16714000,true
2018-08-14T07:49:14+0100,275302000,17246000,true
2018-08-14T08:59:00+0100,253331000,16399000,true
2018-08-14T10:09:15+0100,270119000,17348000,true
2018-08-14T11:21:20+0100,294230000,17403000,true
2018-08-14T12:31:46+0100,360572000,15654000,true
2018-08-14T13:42:27+0100,290890000,18719000,true
2018-08-14T14:53:13+0100,261432000,17679000,true
2018-08-14T16:04:11+0100,281534000,17385000,true
2018-08-14T17:15:34+0100,273040000,17025000,true
2018-08-14T18:27:48+0100,275696000,17269000,true
2018-08-14T19:37:40+0100,274784000,17945000,true
2018-08-14T20:48:10+0100,267650000,17526000,true
2018-08-14T21:59:39+0100,265374000,17186000,true
2018-08-14T23:11:13+0100,267045000,17593000,true
2018-08-15T00:22:24+0100,290288000,17323000,true
2018-08-15T01:33:29+0100,274202000,17764000,true
2018-08-15T02:45:30+0100,274559000,16284000,true
2018-08-15T03:59:12+0100,281162000,17691000,true
2018-08-15T05:10:41+0100,276818000,17137000,true
2018-08-15T06:21:34+0100,258445000,16991000,true
2018-08-15T07:31:58+0100,265363000,17626000,true
2018-08-15T08:44:16+0100,262874000,16786000,true
2018-08-15T09:54:46+0100,269198000,17684000,true
2018-08-15T11:05:29+0100,277684000,18105000,true
2018-08-15T12:22:06+0100,348526000,17844000,true
2018-08-15T13:41:29+0100,252086000,18087000,true
2018-08-15T14:55:06+0100,321912000,19004000,true
2018-08-15T16:11:58+0100,226095000,18229000,true
2018-08-15T17:28:37+0100,291015000,17475000,true
2018-08-15T18:43:32+0100,255109000,17941000,true
2018-08-15T19:58:14+0100,265129000,17560000,true
2018-08-15T21:13:48+0100,257075000,17499000,true
2018-08-15T22:29:48+0100,430711000,17367000,true
2018-08-15T23:45:09+0100,265257000,17718000,true
2018-08-16T00:59:59+0100,297881000,19229000,true
2018-08-16T02:14:00+0100,306701000,18029000,true
2018-08-16T03:27:59+0100,325788000,17790000,true
2018-08-16T04:42:12+0100,311717000,17663000,true
2018-08-16T05:56:49+0100,298286000,18126000,true
2018-08-16T07:09:19+0100,265141000,17677000,true
2018-08-16T08:22:49+0100,275829000,18635000,true
2018-08-16T09:37:15+0100,262902000,17687000,true
2018-08-16T10:50:51+0100,270560000,17624000,true
2018-08-16T12:03:24+0100,335585000,16860000,true
2018-08-16T19:48:58+0100,410274000,20292000,true
2018-08-17T04:06:46+0100,473239000,27383000,true
2018-08-17T12:20:45+0100,409924000,19603000,true
2018-08-17T20:35:25+0100,415723000,18150000,true
2018-08-18T04:54:16+0100,436130000,26080000,true
2018-08-18T13:09:43+0100,497885000,24201000,true
2018-08-18T20:49:00+0100,373577000,17567000,true
2018-08-19T03:56:39+0100,332420000,17556000,true
2018-08-19T11:10:15+0100,322574000,17296000,true
2018-08-19T18:12:17+0100,366279000,17810000,true
2018-08-20T01:24:19+0100,482001000,17547000,true
2018-08-20T08:29:16+0100,390116000,18781000,true
2018-08-20T15:59:44+0100,396990000,18151000,true
2018-08-20T23:39:25+0100,408616000,17579000,true
2018-08-21T06:45:09+0100,301486000,17643000,true
2018-08-21T14:11:21+0100,331362000,17190000,true
2018-08-21T21:21:02+0100,387298000,17868000,true
2018-08-22T04:39:03+0100,354558000,17487000,true
2018-08-22T11:56:38+0100,461419000,17187000,true
2018-08-22T19:35:34+0100,341567000,17067000,true
2018-08-23T03:17:15+0100,458376000,17158000,true
2018-08-23T11:10:54+0100,332432000,17613000,true
2018-08-23T18:59:28+0100,410355000,24256000,true
2018-08-24T04:39:51+0100,395738000,23710000,true
2018-08-24T12:20:22+0100,403511000,17315000,true
2018-08-24T19:35:21+0100,389152000,24721000,true
2018-08-25T03:37:42+0100,441337000,25355000,true
2018-08-25T12:14:37+0100,375427000,24983000,true
2018-08-25T20:28:27+0100,359265000,25147000,true
2018-08-26T04:21:24+0100,341347000,17309000,true
2018-08-26T12:08:16+0100,333526000,27204000,true
2018-08-26T20:32:22+0100,419407000,22592000,true
2018-08-27T05:01:49+0100,420071000,25866000,true
2018-08-27T12:35:46+0100,340948000,17039000,true
2018-08-27T19:53:46+0100,328053000,17209000,true
2018-08-28T03:14:04+0100,420753000,24488000,true
2018-08-28T11:37:43+0100,422195000,28657000,true
2018-08-28T20:08:03+0100,390171000,24117000,true
2018-08-29T04:42:33+0100,351368000,20266000,true
2018-08-29T12:53:42+0100,351823000,25245000,true
2018-08-29T21:15:22+0100,427926000,23130000,true
2018-08-30T05:29:11+0100,321911000,18023000,true
2018-08-30T13:48:17+0100,370523000,21435000,true
2018-08-30T22:07:01+0100,364752000,17763000,true
2018-08-31T06:17:25+0100,419440000,18055000,true
2018-08-31T14:26:28+0100,340685000,17592000,true
2018-08-31T22:41:47+0100,398119000,18921000,true
2018-09-01T06:53:13+0100,403368000,20670000,true
2018-09-01T15:17:33+0100,361748000,18356000,true
2018-09-01T23:32:23+0100,348957000,18018000,true
2018-09-02T07:45:20+0100,461768000,19932000,true
2018-09-02T17:10:48+0100,492920000,25757000,true
2018-09-03T02:22:15+0100,423279000,20138000,true
2018-09-03T10:40:39+0100,329013000,18456000,true
2018-09-03T19:10:53+0100,502941000,27676000,true
2018-09-04T04:11:43+0100,439252000,24372000,true
2018-09-04T12:54:27+0100,374391000,21026000,true
2018-09-04T21:18:17+0100,336873000,19476000,true
2018-09-05T09:58:37+0100,398051000,19938000,true
2018-09-05T09:59:40+0100,387760000,23319000,true
2018-09-05T17:33:13+0100,343894000,17365000,true
2018-09-06T00:55:51+0100,382588000,17623000,true
2018-09-06T08:08:21+0100,354571000,17341000,true
2018-09-06T15:15:18+0100,323107000,17279000,true
2018-09-06T22:28:37+0100,453451000,18386000,true
2018-09-07T05:43:54+0100,379137000,17682000,true
2018-09-07T12:54:29+0100,423794000,18967000,true
2018-09-07T20:09:09+0100,331997000,17497000,true
2018-09-08T03:26:46+0100,307244000,17430000,true
2018-09-08T10:43:42+0100,361384000,17664000,true
2018-09-08T18:27:24+0100,453030000,19406000,true
2018-09-09T02:38:41+0100,655897000,20037000,true
2018-09-09T10:54:54+0100,672185000,21005000,true
2018-09-09T19:44:12+0100,351639000,20884000,true
2018-09-10T04:36:31+0100,452771000,28221000,true
2018-09-10T13:01:29+0100,437056000,18960000,true
2018-09-10T21:18:22+0100,547887000,21993000,true
2018-09-11T12:42:58+0100,312318000,16928000,true
2018-09-11T20:29:21+0100,397185000,20618000,true
2018-09-12T05:24:22+0100,446882000,19815000,true
2018-09-12T14:26:41+0100,372926000,27476000,true
2018-09-12T23:25:05+0100,468122000,26580000,true
2018-09-13T06:46:11+0100,367336000,16831000,true
2018-09-13T13:56:14+0100,863453000,20563000,true
2018-09-13T15:14:58+0100,362729000,19403000,true
2018-09-13T16:37:22+0100,741328000,20392000,true
2018-09-13T17:58:41+0100,337930000,19291000,true
2018-09-13T19:16:55+0100,386932000,19297000,true
2018-09-13T20:33:46+0100,326081000,19177000,true
2018-09-13T21:53:04+0100,433449000,19937000,true
2018-09-13T23:18:21+0100,315336000,18982000,true
2018-09-14T00:45:23+0100,433945000,22781000,true
2018-09-14T02:12:51+0100,270947000,19934000,true
2018-09-14T03:37:43+0100,509611000,20337000,true
2018-09-14T05:02:02+0100,671455000,19668000,true
2018-09-14T06:26:19+0100,566354000,22426000,true
2018-09-14T07:50:23+0100,329372000,19202000,true
2018-09-14T09:16:43+0100,298841000,19080000,true
2018-09-14T10:43:50+0100,314196000,19462000,true
2018-09-14T12:11:18+0100,484763000,20511000,true
2018-09-14T13:38:17+0100,394678000,19428000,true
2018-09-14T15:04:51+0100,317893000,19690000,true
2018-09-14T16:33:27+0100,443727000,20241000,true
2018-09-14T18:01:26+0100,354155000,24575000,true
2018-09-14T19:30:24+0100,324291000,19779000,true
2018-09-14T20:57:20+0100,334216000,20123000,true
2018-09-14T22:23:35+0100,335839000,19888000,true
2018-09-14T23:53:03+0100,337922000,19306000,true
2018-09-15T01:15:38+0100,491311000,19963000,true
2018-09-15T02:43:20+0100,360224000,20329000,true
2018-09-15T04:12:19+0100,388987000,19622000,true
2018-09-15T05:38:43+0100,327383000,19635000,true
2018-09-15T07:03:00+0100,441288000,20481000,true
2018-09-15T08:27:42+0100,439525000,19304000,true
2018-09-15T09:52:32+0100,306588000,19566000,true
2018-09-15T11:21:26+0100,388327000,25473000,true
2018-09-15T12:49:31+0100,308187000,26273000,true
2018-09-15T14:17:17+0100,284357000,20027000,true
2018-09-15T15:44:44+0100,307566000,19302000,true
2018-09-15T17:13:45+0100,393490000,26456000,true
2018-09-15T18:42:42+0100,300567000,24002000,true
2018-09-15T20:11:04+0100,309961000,20068000,true
2018-09-15T21:40:07+0100,321489000,20299000,true
2018-09-15T23:06:38+0100,355972000,19046000,true
2018-09-16T00:31:21+0100,368802000,19685000,true
2018-09-16T01:59:32+0100,316854000,19514000,true
2018-09-16T03:23:50+0100,349399000,19315000,true
2018-09-16T04:49:26+0100,296090000,22509000,true
2018-09-16T06:15:57+0100,395006000,19145000,true
2018-09-16T07:41:58+0100,347453000,18969000,true
2018-09-16T09:08:20+0100,369159000,19459000,true
2018-09-16T10:33:34+0100,326547000,18926000,true
2018-09-16T11:56:40+0100,389313000,20004000,true
2018-09-16T13:26:28+0100,330226000,21374000,true
2018-09-16T14:58:49+0100,502088000,23761000,true
2018-09-16T16:29:09+0100,308060000,20395000,true
2018-09-16T17:58:06+0100,296429000,27294000,true
2018-09-16T19:25:42+0100,298923000,19510000,true
2018-09-16T20:54:13+0100,312151000,19051000,true
2018-09-16T22:22:33+0100,311836000,22618000,true
2018-09-16T23:51:08+0100,304742000,19745000,true
2018-09-17T01:19:22+0100,326425000,19849000,true
2018-09-17T02:45:56+0100,289902000,20249000,true
2018-09-17T04:14:34+0100,265718000,19239000,true
2018-09-17T05:41:36+0100,340306000,20256000,true
2018-09-17T07:08:59+0100,371340000,24972000,true
2018-09-17T08:36:39+0100,387710000,28565000,true
2018-09-17T10:07:19+0100,423521000,27968000,true
2018-09-17T11:36:43+0100,292564000,22754000,true
2018-09-17T13:06:57+0100,350212000,27850000,true
2018-09-17T14:36:59+0100,332627000,26813000,true
2018-09-17T16:07:46+0100,286763000,26146000,true
2018-09-17T17:38:25+0100,289413000,21750000,true
2018-09-17T19:08:53+0100,406027000,26933000,true
2018-09-17T20:38:58+0100,389388000,26821000,true
2018-09-17T22:09:00+0100,337964000,27519000,true
2018-09-17T23:39:24+0100,403366000,20837000,true
2018-09-18T01:12:06+0100,297931000,26449000,true
2018-09-18T02:42:30+0100,321736000,33520000,true
2018-09-18T04:13:07+0100,316858000,21512000,true
2018-09-18T05:43:08+0100,361709000,25043000,true
2018-09-18T07:11:10+0100,291831000,19697000,true
2018-09-18T08:36:21+0100,343324000,18887000,true
2018-09-18T09:54:31+0100,314645000,19004000,true
2018-09-18T11:10:48+0100,293202000,19173000,true
2018-09-18T12:28:44+0100,281283000,19163000,true
2018-09-18T13:47:32+0100,365874000,23588000,true
2018-09-18T15:16:10+0100,391326000,23234000,true
2018-09-18T16:56:01+0100,304051000,25374000,true
2018-09-18T18:36:03+0100,472387000,29040000,true
2018-09-18T20:21:32+0100,381069000,28100000,true
2018-09-18T22:01:59+0100,424792000,29004000,true
2018-09-18T23:49:21+0100,544471000,29580000,true
2018-09-19T01:34:53+0100,537818000,27364000,true
2018-09-19T03:06:41+0100,302954000,21879000,true
2018-09-19T04:36:15+0100,303788000,25651000,true
2018-09-19T06:06:11+0100,336322000,26164000,true
2018-09-19T07:35:26+0100,299807000,25415000,true
2018-09-19T09:04:35+0100,339784000,23965000,true
2018-09-19T10:38:59+0100,380926000,23903000,true
2018-09-19T12:15:38+0100,341232000,26507000,true
2018-09-19T17:24:01+0100,393209000,26840000,true
2018-09-19T22:38:36+0100,371697000,27246000,true
2018-09-20T03:47:40+0100,391299000,24429000,true
2018-09-20T08:59:34+0100,392545000,27080000,true
2018-09-20T14:28:27+0100,359347000,26996000,true
2018-09-20T19:38:21+0100,379627000,24508000,true
2018-09-21T01:30:04+0100,372672000,26690000,true
2018-09-21T06:39:59+0100,384325000,24241000,true
2018-09-21T11:41:45+0100,345239000,26523000,true
2018-09-21T17:48:00+0100,281118000,26246000,true
2018-09-21T23:35:49+0100,252147000,26273000,true
2018-09-22T05:38:01+0100,311751000,25732000,true
2018-09-22T11:28:05+0100,324691000,26838000,true
2018-09-22T17:21:32+0100,317640000,26170000,true
2018-09-22T22:40:14+0100,277239000,29806000,true
2018-09-23T04:06:06+0100,235920000,20347000,true
2018-09-23T08:15:17+0100,399616000,19217000,true
2018-09-23T12:29:27+0100,246138000,26900000,true
2018-09-23T17:13:51+0100,289532000,20561000,true
2018-09-23T21:36:29+0100,270011000,26311000,true
2018-09-24T02:25:41+0100,247603000,22420000,true
2018-09-24T07:13:31+0100,290472000,24659000,true
2018-09-24T11:46:19+0100,250017000,27010000,true
2018-09-24T16:29:36+0100,253337000,19586000,true
2018-09-24T20:46:17+0100,394856000,27979000,true
2018-09-25T01:34:52+0100,301953000,19685000,true
2018-09-25T06:11:34+0100
2018-09-25T06:11:34+0100
2018-09-25T06:11:34+0100,273815000,19994000,true
2018-09-25T10:34:18+0100,252648000,24970000,true
2018-09-25T15:34:14+0100,278100000,46249000,true
2018-09-25T20:31:41+0100,397111000,30313000,true
2018-09-26T01:31:01+0100,315604000,31017000,true
2018-09-26T11:18:37+0100,281048000,29794000,true
2018-09-26T16:11:42+0100,248510000,25030000,true
2018-09-26T21:09:39+0100,291324000,23980000,true
2018-09-27T02:07:22+0100,344737000,41780000,true
2018-09-27T06:56:30+0100,274643000,26495000,true
2018-09-27T11:37:32+0100,311609000,29021000,true
2018-09-27T16:19:17+0100,222195000,20001000,true
2018-09-27T21:01:17+0100,282089000,19319000,true
2018-09-28T01:39:06+0100,304049000,19291000,true
2018-09-28T06:18:04+0100,243009000,20549000,true
2018-09-28T11:01:38+0100,254678000,33616000,true
2018-09-28T15:44:53+0100,277696000,17736000,true
2018-09-28T20:22:04+0100,255266000,25580000,true
2018-09-29T01:00:19+0100,245540000,17982000,true
2018-09-29T05:40:31+0100,235429000,19861000,true
2018-09-29T10:18:32+0100,251147000,19924000,true
2018-09-29T14:44:16+0100,213122000,19059000,true
2018-09-29T19:05:31+0100,229072000,22125000,true
2018-09-29T23:52:52+0100,296680000,18211000,true
2018-09-30T05:03:21+0100,247534000,26346000,true
2018-09-30T10:03:43+0100,318123000,26787000,true
2018-09-30T14:42:48+0100,234177000,17820000,true
2018-09-30T19:19:05+0100,314908000,19909000,true
2018-09-30T23:54:48+0100,217618000,19839000,true
2018-10-01T04:27:17+0100,361118000,19090000,true
2018-10-01T08:36:19+0100,244733000,39580000,true
2018-10-01T13:15:51+0100,356976000,23113000,true
2018-10-01T17:56:32+0100,275543000,19701000,true
2018-10-01T22:31:24+0100,270709000,22655000,true
2018-10-02T03:11:35+0100,263872000,26649000,true
2018-10-02T08:10:30+0100,297388000,24698000,true
2018-10-02T13:15:42+0100,312890000,26428000,true
2018-10-02T18:03:44+0100,242035000,19461000,true
2018-10-02T22:57:42+0100,253344000,26823000,true
2018-10-03T04:04:20+0100,235391000,25269000,true
2018-10-03T08:44:18+0100,263391000,26183000,true
2018-10-03T13:56:21+0100,282862000,27912000,true
2018-10-03T18:43:40+0100,268289000,27507000,true
2018-10-03T23:34:34+0100,267132000,31483000,true
2018-10-04T03:52:46+0100,245791000,15902000,true
2018-10-04T07:41:38+0100,243719000,15857000,true
2018-10-04T12:15:45+0100,259827000,27109000,true
2018-10-04T17:12:20+0100,261462000,26698000,true
2018-10-04T22:18:17+0100,268567000,25928000,true
2018-10-05T03:33:43+0100,258210000,24396000,true
2018-10-05T08:25:53+0100,295124000,24848000,true
2018-10-05T13:11:38+0100,236973000,22251000,true
2018-10-05T17:57:40+0100,264722000,31573000,true
2018-10-05T22:39:06+0100,212127000,21268000,true
2018-10-06T03:04:32+0100,261645000,17547000,true
2018-10-06T07:34:28+0100,274948000,19460000,true
2018-10-06T12:02:21+0100,263646000,24458000,true
2018-10-06T16:46:26+0100,297880000,18046000,true
2018-10-06T20:55:19+0100
2018-10-06T20:55:19+0100,232814000,17719000,true
2018-10-07T00:45:58+0100,425549000,20891000,true
2018-10-07T04:37:21+0100,341099000,16954000,true
2018-10-07T08:28:40+0100,282476000,18825000,true
2018-10-07T12:20:01+0100,252791000,17698000,true
2018-10-07T16:09:39+0100,336697000,19160000,true
2018-10-07T20:01:53+0100,382010000,19010000,true
2018-10-08T00:05:40+0100,262150000,18623000,true
2018-10-08T04:01:52+0100,478610000,17533000,true
2018-10-08T08:03:36+0100,209779000,18103000,true
2018-10-08T12:05:03+0100,328416000,17877000,true
2018-10-08T16:00:26+0100,256511000,19067000,true
2018-10-08T19:59:48+0100,264851000,17821000,true
2018-10-08T23:58:06+0100,534861000,18726000,true
2018-10-09T03:51:02+0100,291649000,18007000,true
2018-10-09T07:51:27+0100,268253000,19118000,true
2018-10-09T11:44:59+0100,297654000,26853000,true
2018-10-09T16:30:17+0100,277252000,27316000,true
2018-10-09T21:20:21+0100,259725000,19970000,true
2018-10-10T01:54:55+0100,379522000,19527000,true
2018-10-10T06:46:23+0100,319034000,26503000,true
2018-10-10T11:36:47+0100,253127000,23172000,true
2018-10-10T16:31:32+0100,293449000,19785000,true
2018-10-10T21:21:29+0100,315927000,28204000,true
2018-10-11T02:10:14+0100,314050000,26795000,true
2018-10-11T07:04:20+0100,441106000,30650000,true
2018-10-11T11:40:30+0100,260210000,19125000,true
2018-10-11T16:17:07+0100,272402000,19239000,true
2018-10-11T21:06:50+0100,292971000,20183000,true
2018-10-12T01:49:43+0100,333543000,19462000,true
2018-10-12T06:35:48+0100,293387000,20388000,true
2018-10-12T11:18:20+0100,310317000,23980000,true
2018-10-12T16:04:43+0100,288906000,27049000,true
2018-10-12T20:49:35+0100,296067000,27194000,true
2018-10-13T01:30:24+0100,239929000,27041000,true
2018-10-13T06:07:16+0100,352112000,18924000,true
2018-10-13T10:56:20+0100,372263000,19812000,true
2018-10-13T15:55:28+0100,316763000,26607000,true
2018-10-13T20:24:16+0100,288759000,29609000,true
2018-10-14T04:35:38+0100,258931000,19383000,true
2018-10-14T08:54:41+0100,339615000,19154000,true
2018-10-14T13:09:21+0100,245349000,17519000,true
2018-10-14T17:41:34+0100,242261000,19369000,true
2018-10-14T22:09:52+0100,256525000,19188000,true
2018-10-15T02:24:12+0100,415101000,18985000,true
2018-10-15T06:20:42+0100,206505000,19044000,true
2018-10-15T10:24:36+0100,349903000,19442000,true
2018-10-15T14:52:17+0100,246970000,26367000,true
2018-10-15T19:51:24+0100,248797000,25910000,true
2018-10-16T00:37:52+0100,315926000,25737000,true
2018-10-16T05:30:26+0100,218708000,18170000,true
2018-10-16T10:08:29+0100,232225000,22978000,true
2018-10-18T10:50:23+0100,266106000,19758000,true
2018-10-18T17:52:13+0100,232251000,19219000,true
2018-10-19T00:46:00+0100,260915000,18398000,true
2018-10-19T07:30:18+0100,247036000,19161000,true
2018-10-19T14:19:25+0100,391108000,18586000,true
2018-10-19T21:13:37+0100,307256000,24961000,true
2018-10-20T04:45:23+0100,273930000,26789000,true
2018-10-20T12:23:03+0100,281912000,26397000,true
2018-10-20T19:50:50+0100,393992000,33283000,true
2018-10-21T03:23:18+0100,299799000,27571000,true
2018-10-21T10:54:36+0100,348550000,28652000,true
2018-10-21T18:23:07+0100,320806000,17162000,true
2018-10-22T01:06:36+0100,349832000,18316000,true
2018-10-22T07:08:11+0100,347004000,18662000,true
2018-10-22T13:57:07+0100,343725000,18611000,true
2018-10-22T19:51:40+0100,356491000,18756000,true
2018-10-23T02:00:07+0100,312424000,16904000,true
2018-10-23T08:01:45+0100,261161000,16517000,true
2018-10-23T14:03:19+0100,301752000,18658000,true
2018-10-23T20:29:51+0100,320201000,36335000,true
2018-10-24T02:48:55+0100,265630000,17984000,true
2018-10-24T08:47:22+0100,361623000,21748000,true
2018-10-24T16:05:48+0100,260481000,16017000,true
2018-10-24T23:10:35+0100,264322000,16319000,true
2018-10-25T05:15:30+0100,267269000,17182000,true
2018-10-25T12:13:28+0100,430918000,24379000,true
2018-10-25T20:44:45+0100,261527000,17121000,true
2018-10-26T02:41:18+0100,270845000,16486000,true
2018-10-26T08:40:31+0100,279535000,16773000,true
2018-10-26T14:43:07+0100,366528000,18991000,true
2018-10-26T21:35:33+0100,243842000,16366000,true
2018-10-27T03:36:43+0100,417066000,15772000,true
2018-10-27T09:35:37+0100,315826000,17698000,true
2018-10-27T15:47:56+0100,308414000,18125000,true
2018-10-27T21:49:16+0100,275693000,18458000,true
2018-10-28T02:55:16+0000,364985000,18275000,true
2018-10-28T08:58:06+0000,339234000,18434000,true
2018-10-28T15:02:06+0000,313229000,17406000,true
2018-10-28T21:05:27+0000,483768000,18215000,true
2018-10-29T03:04:16+0000,249788000,16145000,true
2018-10-29T09:02:58+0000,249319000,15991000,true
2018-10-29T15:02:28+0000,254767000,15397000,true
2018-10-29T20:59:38+0000,257587000,15276000,true
2018-10-30T02:56:48+0000,253775000,17633000,true
2018-10-30T08:54:23+0000,353594000,18640000,true
2018-10-30T16:00:52+0000,326301000,17718000,true
2018-10-30T23:32:28+0000,469612000,28238000,true
2018-10-31T07:14:53+0000,289332000,20014000,true
2018-10-31T13:53:49+0000,335759000,16096000,true
2018-10-31T22:03:43+0000,274519000,26239000,true
2018-11-01T07:05:39+0000,270815000,25219000,true
2018-11-01T13:49:31+0000,263125000,16107000,true
2018-11-01T19:46:30+0000,347647000,18325000,true
2018-11-02T01:48:55+0000,261243000,17206000,true
2018-11-02T07:48:15+0000,263283000,16859000,true
2018-11-02T13:45:41+0000,394639000,15835000,true
2018-11-02T20:29:31+0000,321632000,18060000,true
2018-11-03T03:27:08+0000,298944000,22643000,true
2018-11-03T10:36:17+0000,354282000,19084000,true
2018-11-03T19:33:55+0000,327385000,22953000,true
2018-11-04T03:53:15+0000,351799000,26514000,true
2018-11-04T12:18:00+0000,289942000,23902000,true
2018-11-04T20:21:55+0000,300055000,19328000,true
2018-11-05T02:45:59+0000,256802000,16329000,true
2018-11-05T08:45:21+0000,263636000,17870000,true
2018-11-05T15:24:28+0000,236735000,15624000,true
2018-11-05T21:58:02+0000,244489000,16990000,true
2018-11-06T03:53:12+0000,261697000,17911000,true
2018-11-06T09:48:46+0000,254547000,16762000,true
2018-11-06T15:44:26+0000,247359000,16281000,true
2018-11-06T21:39:26+0000,237328000,17036000,true
2018-11-07T03:35:31+0000,255656000,17383000,true
2018-11-07T09:30:53+0000,246384000,17082000,true
2018-11-07T15:36:55+0000,286723000,25623000,true
2018-11-08T00:26:22+0000,312357000,24180000,true
2018-11-08T09:08:51+0000,285406000,25191000,true
2018-11-08T18:04:39+0000,286867000,24180000,true
2018-11-09T03:05:57+0000,271004000,24657000,true
2018-11-09T09:59:59+0000,250152000,24448000,true
2018-11-10T01:40:36+0000,239594000,23177000,true
2018-11-10T17:20:35+0000,243568000,23506000,true
2018-11-11T08:38:04+0000,241164000,25817000,true
2018-11-11T23:43:07+0000,238474000,23569000,true
2018-11-12T14:32:14+0000,258058000,25118000,true
2018-11-13T05:24:27+0000,251191000,23674000,true
2018-11-13T20:30:43+0000,256252000,25269000,true
2018-11-14T11:28:01+0000,239849000,23759000,true
2018-11-15T02:11:03+0000,273040000,23449000,true
2018-11-15T17:11:24+0000,253303000,23493000,true
2018-11-16T07:57:13+0000,255787000,23254000,true
2018-11-16T23:22:27+0000,257185000,23732000,true
2018-12-21T13:00:06+0000,289891000,1000,false
2018-12-21T14:13:47+0000,265942000,16421000,true
2018-12-21T14:15:14+0000,305490000,16546000,true
2019-01-08T16:57:02+0000,273336000,24810000,true
2019-01-09T09:50:51+0000,264642000,16374000,true
2019-01-09T09:54:39+0000,270126000,15974000,true
2019-01-10T17:10:56+0000,399449000,16482000,true
2019-01-11T03:36:34+0000,287325000,16789000,true
2019-01-11T14:46:38+0000,280421000,17612000,true
2019-01-12T01:20:32+0000,384558000,17466000,true
2019-01-12T12:03:06+0000,307887000,18005000,true
2019-01-12T22:54:24+0000,239325000,16654000,true
2019-01-13T09:49:45+0000,282391000,18084000,true
2019-01-13T20:48:37+0000,279786000,17178000,true
2019-01-14T07:04:20+0000,254107000,16229000,true
2019-01-14T17:32:44+0000,251232000,16089000,true
2019-01-15T04:10:09+0000,266040000,16250000,true
2019-01-15T14:40:47+0000,301522000,16216000,true
2019-01-16T01:27:45+0000,327663000,18167000,true
2019-01-16T11:56:32+0000,265697000,17695000,true
2019-01-16T22:27:59+0000,269201000,17497000,true
2019-01-17T09:07:50+0000,340181000,17750000,true
