2018-04-04T12:08+0100,443147000,388591000,[  ]
2018-04-04T12:09+0100,393365000,377376000,[  ]
2018-04-04T14:18+0100,419943000,382618000,[  ]
2018-04-04T14:27+0100,447144000,389539000,[  ]
2018-04-04T14:28+0100,414650000,392089000,[  ]
2018-04-04T14:29+0100,394286000,383515000,[  ]
2018-04-04T14:30+0100,439127000,377657000,[  ]
2018-04-04T14:31+0100,406223000,376615000,[  ]
2018-04-04T14:32+0100,345243000,348434000,[  ]
2018-04-04T14:34+0100,342384000,368553000,[  ]
2018-04-04T14:35+0100,338519000,348826000,[  ]
2018-04-04T14:36+0100,408663000,397066000,[  ]
2018-04-04T14:37+0100,400512000,374965000,[  ]
2018-04-04T14:38+0100,408192000,371839000,[  ]
2018-04-04T14:39+0100,405031000,355914000,[  ]
2018-04-04T14:41+0100,461810000,421255000,[  ]
2018-04-04T14:42+0100,311417000,348620000,[  ]
2018-04-04T14:43+0100,394366000,397571000,[  ]
2018-04-04T14:44+0100,407491000,372838000,[  ]
2018-04-04T14:45+0100,404830000,353488000,[  ]
2018-04-04T14:47+0100,403984000,382139000,[  ]
2018-04-04T14:48+0100,399638000,395683000,[  ]
2018-04-04T14:49+0100,406779000,378322000,[  ]
2018-04-04T14:50+0100,399514000,378619000,[  ]
2018-04-04T14:52+0100,405430000,376959000,[  ]
2018-04-04T14:53+0100,389744000,374759000,[  ]
2018-04-04T14:54+0100,420655000,429448000,[  ]
2018-04-04T14:55+0100,412317000,378854000,[  ]
2018-04-04T14:56+0100,408094000,376308000,[  ]
2018-04-04T14:58+0100,407602000,375589000,[  ]
2018-04-04T14:59+0100,403755000,377539000,[  ]
2018-04-04T15:00+0100,391102000,356930000,[  ]
2018-04-04T15:01+0100,392809000,369167000,[  ]
2018-04-04T15:03+0100,408167000,415694000,[  ]
2018-04-04T15:04+0100,415578000,379218000,[  ]
2018-04-04T15:05+0100,411198000,377948000,[  ]
2018-04-04T15:06+0100,395097000,372628000,[  ]
2018-04-04T15:08+0100,418043000,434727000,[  ]
2018-04-04T15:09+0100,405842000,377566000,[  ]
2018-04-04T15:10+0100,405695000,383783000,[  ]
2018-04-04T15:11+0100,416533000,375475000,[  ]
2018-04-04T15:12+0100,407196000,377264000,[  ]
2018-04-04T15:14+0100,399146000,375870000,[  ]
2018-04-04T15:15+0100,402848000,382076000,[  ]
2018-04-04T15:16+0100,397761000,379851000,[  ]
2018-04-04T15:17+0100,403343000,373155000,[  ]
2018-04-04T15:19+0100,409837000,381791000,[  ]
2018-04-04T15:20+0100,408367000,377340000,[  ]
2018-04-04T15:21+0100,408259000,418126000,[  ]
2018-04-04T15:22+0100,441607000,394560000,[  ]
2018-04-04T15:23+0100,398090000,379219000,[  ]
2018-04-04T15:25+0100,418014000,376198000,[  ]
2018-04-04T15:26+0100,408493000,380948000,[  ]
2018-04-04T15:27+0100,395932000,377410000,[  ]
2018-04-04T15:28+0100,400908000,383107000,[  ]
2018-04-04T15:30+0100,413180000,380459000,[  ]
2018-04-04T15:31+0100,401158000,378024000,[  ]
2018-04-04T15:32+0100,401315000,377840000,[  ]
2018-04-04T15:33+0100,401328000,377175000,[  ]
2018-04-04T15:35+0100,364212000,352879000,[  ]
2018-04-04T15:36+0100,404385000,376983000,[  ]
2018-04-04T15:37+0100,396042000,376986000,[  ]
2018-04-04T15:38+0100,418190000,391553000,[  ]
2018-04-04T15:39+0100,408564000,374204000,[  ]
2018-04-04T15:41+0100,407082000,381448000,[  ]
2018-04-04T15:42+0100,410264000,377880000,[  ]
2018-04-04T15:43+0100,391480000,378458000,[  ]
2018-04-04T15:44+0100,399285000,380520000,[  ]
2018-04-04T15:46+0100,403405000,356757000,[  ]
2018-04-04T15:47+0100,409720000,378177000,[  ]
2018-04-04T15:48+0100,409901000,376336000,[  ]
2018-04-04T15:49+0100,398519000,355136000,[  ]
2018-04-04T15:50+0100,410038000,376008000,[  ]
2018-04-04T15:51+0100,421086000,382708000,[  ]
2018-04-04T15:53+0100,400833000,371135000,[  ]
2018-04-04T15:53+0100,500301000,477445000,[  ]
2018-04-05T09:24+0100,654424000,452598000,[  ]
2018-04-05T12:25+0100,611398000,476376000,[  ]
2018-04-25T16:32+0100,866341000,406355000,[  ]
2018-04-26T09:54+0100,0,0,false
2018-04-26T10:00+0100,0,0,false
2018-04-26T10:33+0100,0,0,false
2018-04-26T11:09+0100,732157000,0,false
2018-04-27T10:12+0100,844406000,0,false
2018-04-27T10:13+0100,644478000,0,false
2018-05-22T10:52+0100,3320222000,0,false
2018-05-22T14:13+0100,3245524000,0,false
2018-05-23T10:29+0100,3416560000,0,false
2018-05-23T10:30+0100,3573212000,0,false
2018-05-23T13:55+0100,3316645000,0,false
2018-05-23T17:14+0100,3501541000,0,false
2018-05-25T17:12+0100,3551752000,0,false
2018-05-28T16:01+0100,3474425000,0,false
2018-05-28T16:35+0100,2908750000,0,false
2018-05-28T16:37+0100,2877819000,0,false
2018-05-28T16:39+0100,2829834000,0,false
2018-05-28T16:41+0100,3067374000,0,false
2018-05-28T16:42+0100,2703618000,0,false
2018-05-28T16:46+0100,3244181000,0,false
2018-05-29T04:04+0100,3915809000,0,false
2018-05-29T09:28+0100,3012552000,14746000,[  ]
2018-05-29T09:29+0100,2890204000,15307000,[  ]
2018-05-29T09:31+0100,2878547000,15611000,[  ]
2018-05-29T09:31+0100,3230368000,15769000,[  ]
2018-05-29T10:44:45+0100,2777044000,24490000,[  ]
2018-05-29T10:52:43+0100,3172730000,15334000,[  ]
2018-05-29T10:53:24+0100,3436041000,15821000,[  ]
2018-05-29T22:29:01+0100,3135339000,15828000,[  ]
2018-05-30T09:53:58+0100,3245490000,15797000,[  ]
2018-05-30T21:27:13+0100,1389983000,39882000,[  ]
2018-05-31T08:16:39+0100,1361669000,39053000,[  ]
2018-05-31T18:33:03+0100,1411110000,15660000,[  ]
2018-06-01T06:17:19+0100,1403439000,15582000,[  ]
2018-06-01T16:50:30+0100,1377727000,15131000,[  ]
2018-06-02T03:33:57+0100,1393254000,15707000,true
2018-06-02T14:17:13+0100,1401677000,17329000,true
2018-06-03T00:47:54+0100,1377571000,15753000,true
2018-06-03T11:34:55+0100,1418378000,17064000,true
2018-06-03T21:58:28+0100,1405299000,15513000,true
2018-06-04T08:35:30+0100,1503851000,17635000,true
2018-06-04T19:02:07+0100,1452684000,17345000,true
2018-06-05T06:22:13+0100,1520065000,17518000,true
2018-06-18T15:37:00+0100,1800343000,24801000,true
2018-06-18T15:37:14+0100,1900556000,23643000,true
2018-06-19T03:03:12+0100,1436446000,17773000,true
2018-06-19T03:08:46+0100,1469510000,17972000,true
2018-06-19T15:08:10+0100,1867869000,21304000,true
2018-06-19T15:59:57+0100,1888202000,24568000,true
2018-06-20T04:27:43+0100,1371293000,17279000,true
2018-06-20T05:25:12+0100,1482604000,17786000,true
2018-06-20T16:32:05+0100,1695582000,20474000,true
2018-06-20T17:48:48+0100,1455479000,17875000,true
2018-06-21T04:29:34+0100,1483396000,17688000,true
2018-06-21T05:40:44+0100,1372258000,16382000,true
2018-06-21T15:51:35+0100,1460117000,17953000,true
2018-06-21T17:05:35+0100,1689604000,18327000,true
2018-06-22T04:40:54+0100,1458429000,17601000,true
2018-06-22T06:10:29+0100,1380664000,16601000,true
2018-06-22T16:06:20+0100,1567850000,18271000,true
2018-06-22T17:47:48+0100,1500676000,17733000,true
2018-06-23T03:26:18+0100,1541919000,19043000,true
2018-06-23T05:15:17+0100,1369956000,17822000,true
2018-06-23T14:26:55+0100,1505452000,17759000,true
2018-06-23T17:03:39+0100,1465444000,17754000,true
2018-06-24T01:49:17+0100,1561785000,17802000,true
2018-06-24T04:44:41+0100,1401580000,18879000,true
2018-06-24T13:43:11+0100,1450247000,17822000,true
2018-06-24T16:39:51+0100,1489324000,18020000,true
2018-06-25T01:16:49+0100,1475073000,17729000,true
2018-06-25T04:08:00+0100,1493852000,24817000,true
2018-06-25T12:32:07+0100,1481257000,17685000,true
2018-06-25T15:58:50+0100,1460124000,17884000,true
2018-06-25T22:50:51+0100,1492186000,17778000,true
2018-06-26T02:22:02+0100,1427678000,18606000,true
2018-06-26T09:23:11+0100,1521701000,18330000,true
2018-06-26T12:49:00+0100,1389613000,16270000,true
2018-06-26T19:20:54+0100,1496123000,18048000,true
2018-06-26T22:57:29+0100,1725358000,19220000,true
2018-06-27T04:15:55+0100,1478434000,17855000,true
2018-06-27T07:59:18+0100,1407504000,15875000,true
2018-06-27T13:26:27+0100,1791447000,19876000,true
2018-06-27T18:23:43+0100,1912214000,20812000,true
2018-06-28T01:08:20+0100,2012106000,25242000,true
2018-06-28T06:20:02+0100,2080190000,23937000,true
2018-06-28T13:15:56+0100,2118675000,25414000,true
2018-06-28T17:36:52+0100,1528215000,17276000,true
2018-06-28T22:50:44+0100,1543474000,17192000,true
2018-06-29T03:20:14+0100,1540754000,17290000,true
2018-06-29T08:36:30+0100,1546856000,17361000,true
2018-06-29T13:08:44+0100,1586068000,17259000,true
2018-06-29T18:57:58+0100,1717462000,22092000,true
2018-06-29T22:37:00+0100,1897463000,23483000,true
2018-06-30T05:06:05+0100,1559337000,17278000,true
2018-06-30T08:37:06+0100,1834728000,20283000,true
2018-06-30T14:56:39+0100,2006232000,22121000,true
2018-06-30T18:37:10+0100,1820097000,17834000,true
2018-07-01T00:45:24+0100,1556742000,17160000,true
2018-07-01T03:27:52+0100,1620043000,17531000,true
2018-07-01T12:29:52+0100,1612793000,17625000,true
2018-07-01T18:58:57+0100,1554958000,17334000,true
2018-07-01T21:40:11+0100,1655256000,17974000,true
2018-07-02T04:11:15+0100,1751854000,20835000,true
2018-07-02T07:09:49+0100,1936191000,23991000,true
2018-07-02T11:38:45+0100,1642930000,17734000,true
2018-07-02T20:22:19+0100,1560220000,17490000,true
2018-07-03T06:22:22+0100,1822208000,23963000,true
2018-07-03T16:29:30+0100,1406247000,15523000,true
2018-07-04T01:08:11+0100,1516980000,17476000,true
2018-07-04T09:49:21+0100,1510236000,17253000,true
2018-07-04T18:11:55+0100,1543918000,17304000,true
2018-07-05T03:04:09+0100,1530464000,17690000,true
2018-07-05T11:32:14+0100,1458406000,17594000,true
2018-07-05T20:47:45+0100,1586227000,17894000,true
2018-07-06T06:02:45+0100,1488323000,17418000,true
2018-07-06T14:53:05+0100,1418377000,17491000,true
2018-07-06T23:28:25+0100,1450636000,17480000,true
2018-07-07T07:59:48+0100,1519925000,17503000,true
2018-07-07T16:32:02+0100,1433548000,17783000,true
2018-07-08T01:04:05+0100,1503200000,17571000,true
2018-07-08T10:10:30+0100,1552222000,17278000,true
2018-07-08T18:29:45+0100,1519047000,17536000,true
2018-07-09T02:59:14+0100,1549693000,17363000,true
2018-07-09T11:35:20+0100,1528366000,17306000,true
2018-07-09T20:08:54+0100,1579973000,17350000,true
2018-07-10T04:34:22+0100,1510257000,17255000,true
2018-07-10T12:55:39+0100,1542984000,17867000,true
2018-07-10T21:32:28+0100,1519564000,17413000,true
2018-07-11T06:14:08+0100,1734130000,23759000,true
2018-07-11T16:54:20+0100,1969237000,24032000,true
2018-07-12T04:13:41+0100,2042323000,26129000,true
2018-07-12T15:18:35+0100,1830971000,18396000,true
2018-07-13T01:38:30+0100,1931486000,21876000,true
2018-07-13T12:20:38+0100,1621160000,18063000,true
2018-07-13T23:31:40+0100,1955410000,21087000,true
2018-07-14T15:11:32+0100,5113822000,83162000,true
2018-07-15T02:16:15+0100,1904275000,19944000,true
2018-07-15T12:28:02+0100,1893230000,22640000,true
2018-07-15T23:09:54+0100,1748012000,21463000,true
2018-07-16T09:43:19+0100,1955261000,18480000,true
2018-07-16T20:21:24+0100,2258576000,27788000,true
2018-07-17T08:42:30+0100,4020028000,46853000,true
2018-07-17T19:34:29+0100,1903304000,22320000,true
2018-07-18T05:54:23+0100,1591700000,17669000,true
2018-07-18T16:04:04+0100,1703476000,17850000,true
2018-07-19T02:53:18+0100,1658439000,18620000,true
2018-07-19T13:10:55+0100,1759833000,17795000,true
2018-07-19T23:28:09+0100,2140135000,22012000,true
2018-07-20T09:32:17+0100,1743679000,19653000,true
2018-07-20T19:46:12+0100,1802640000,23186000,true
2018-07-21T05:50:39+0100,1825139000,25487000,true
2018-07-21T16:09:44+0100,1628909000,26702000,true
2018-07-22T03:04:12+0100,1853129000,25056000,true
2018-07-22T14:29:33+0100,2208929000,25577000,true
2018-07-23T01:36:46+0100,1811112000,22660000,true
2018-07-23T12:48:14+0100,1792983000,18267000,true
2018-07-23T23:08:31+0100,1897157000,24770000,true
2018-07-24T09:17:12+0100,1715227000,20931000,true
2018-07-24T19:12:27+0100,1624402000,18036000,true
2018-07-25T04:41:00+0100,1548682000,17372000,true
2018-07-25T14:02:54+0100,1584056000,17806000,true
2018-07-25T22:45:47+0100,1516422000,17677000,true
2018-07-26T07:26:51+0100,1534081000,17503000,true
2018-07-26T16:21:20+0100,1565622000,17654000,true
2018-07-27T00:51:12+0100,1535624000,17448000,true
2018-07-27T09:32:14+0100,1537692000,17744000,true
2018-07-27T20:30:05+0100,1934607000,24166000,true
2018-07-28T06:30:38+0100,1591565000,17690000,true
2018-07-28T17:44:33+0100,2110930000,24908000,true
2018-07-29T05:21:16+0100,2100170000,45162000,true
2018-07-29T17:10:50+0100,1977199000,24074000,true
2018-07-30T04:50:37+0100,1955608000,21032000,true
2018-07-30T15:58:59+0100,1418796000,17297000,true
2018-07-31T00:28:51+0100,1528580000,17349000,true
2018-07-31T09:12:40+0100,1552644000,17403000,true
2018-07-31T18:46:55+0100,1448860000,16131000,true
2018-08-01T03:23:41+0100,1478117000,17571000,true
2018-08-01T11:46:30+0100,1523706000,17781000,true
2018-08-01T20:26:00+0100,1539283000,17568000,true
2018-08-02T05:01:05+0100,1431093000,17451000,true
2018-08-02T13:32:10+0100,1446495000,17401000,true
2018-08-02T22:06:59+0100,1543612000,17505000,true
2018-08-03T06:40:00+0100,1407635000,17471000,true
2018-08-03T15:09:09+0100,1443730000,17435000,true
2018-08-03T23:52:04+0100,1515541000,17471000,true
2018-08-04T08:15:30+0100,1461342000,17469000,true
2018-08-04T16:41:47+0100,1463139000,17620000,true
2018-08-05T01:25:16+0100,1569936000,17502000,true
2018-08-05T10:00:29+0100,1418214000,17643000,true
2018-08-05T18:33:30+0100,1456824000,16170000,true
2018-08-06T03:16:57+0100,1559791000,17482000,true
2018-08-06T13:01:39+0100,1998257000,23482000,true
2018-08-07T00:44:31+0100,2027315000,25371000,true
2018-08-07T12:32:32+0100,2183755000,27087000,true
2018-08-08T00:45:32+0100,2147130000,29488000,true
2018-08-08T11:02:43+0100,1564302000,17256000,true
2018-08-08T19:53:54+0100,2097020000,25069000,true
2018-08-09T07:14:02+0100,1801782000,24642000,true
2018-08-09T17:35:50+0100,1556945000,17425000,true
2018-08-10T03:02:42+0100,1533727000,17368000,true
2018-08-10T11:48:01+0100,1504725000,16692000,true
2018-08-10T21:07:52+0100,1806348000,18949000,true
2018-08-11T06:07:47+0100,1553325000,17315000,true
2018-08-11T14:45:53+0100,1469166000,16439000,true
2018-08-11T23:22:44+0100,1560239000,17864000,true
2018-08-12T08:25:44+0100,1440598000,15912000,true
2018-08-12T17:10:46+0100,1549294000,17364000,true
2018-08-13T01:39:00+0100,1530786000,17358000,true
2018-08-13T10:13:48+0100,1563227000,17330000,true
2018-08-13T18:48:18+0100,1518275000,17330000,true
2018-08-13T19:58:16+0100,1572219000,17261000,true
2018-08-13T21:10:23+0100,1507363000,17648000,true
2018-08-13T22:20:08+0100,1499936000,17432000,true
2018-08-13T23:30:43+0100,1482689000,17442000,true
2018-08-14T00:40:17+0100,1537010000,17368000,true
2018-08-14T01:52:18+0100,1528627000,17471000,true
2018-08-14T03:04:16+0100,1536757000,17267000,true
2018-08-14T04:16:12+0100,1549341000,17118000,true
2018-08-14T05:27:18+0100,1414088000,17645000,true
2018-08-14T06:37:22+0100,1395858000,16289000,true
2018-08-14T07:49:14+0100,1445993000,15659000,true
2018-08-14T08:59:00+0100,1461985000,17184000,true
2018-08-14T10:09:15+0100,1498713000,17646000,true
2018-08-14T11:21:20+0100,1543316000,17525000,true
2018-08-14T12:31:46+0100,1565228000,17201000,true
2018-08-14T13:42:27+0100,1443702000,17490000,true
2018-08-14T14:53:13+0100,1507681000,17645000,true
2018-08-14T16:04:11+0100,1422861000,17565000,true
2018-08-14T17:15:34+0100,1407706000,17221000,true
2018-08-14T18:27:48+0100,1543563000,17503000,true
2018-08-14T19:37:40+0100,1531211000,17548000,true
2018-08-14T20:48:11+0100,1590701000,17443000,true
2018-08-14T21:59:39+0100,1414798000,15737000,true
2018-08-14T23:11:13+0100,1506468000,17403000,true
2018-08-15T00:22:24+0100,1556966000,17174000,true
2018-08-15T01:33:29+0100,1395510000,15727000,true
2018-08-15T02:45:30+0100,1579000000,17425000,true
2018-08-15T03:59:12+0100,1528873000,17924000,true
2018-08-15T05:10:41+0100,1529239000,17404000,true
2018-08-15T06:21:34+0100,1434131000,17282000,true
2018-08-15T07:31:58+0100,1532040000,17557000,true
2018-08-15T08:44:16+0100,1416548000,17346000,true
2018-08-15T09:54:46+0100,1424953000,15509000,true
2018-08-15T11:05:29+0100,1553104000,17372000,true
2018-08-15T12:22:06+0100,1637560000,17625000,true
2018-08-15T13:41:29+0100,1548445000,18784000,true
2018-08-15T14:55:06+0100,1697617000,18059000,true
2018-08-15T16:11:58+0100,1568125000,17907000,true
2018-08-15T17:28:37+0100,1561838000,17494000,true
2018-08-15T18:43:32+0100,1597574000,18835000,true
2018-08-15T19:58:14+0100,1605751000,18070000,true
2018-08-15T21:13:48+0100,1523146000,17865000,true
2018-08-15T22:29:49+0100,1626424000,17639000,true
2018-08-15T23:45:09+0100,1636954000,18136000,true
2018-08-16T00:59:59+0100,1658007000,18124000,true
2018-08-16T02:14:00+0100,1573255000,18116000,true
2018-08-16T03:27:59+0100,1657520000,17452000,true
2018-08-16T04:42:12+0100,1539202000,17613000,true
2018-08-16T05:56:49+0100,1604827000,17596000,true
2018-08-16T07:09:19+0100,1575012000,17589000,true
2018-08-16T08:22:49+0100,1534593000,18524000,true
2018-08-16T09:37:16+0100,1578882000,17790000,true
2018-08-16T10:50:51+0100,1591182000,18177000,true
2018-08-16T12:03:24+0100,1526519000,17830000,true
2018-08-16T19:48:58+0100,1875782000,21068000,true
2018-08-17T04:06:46+0100,1989513000,25643000,true
2018-08-17T12:20:45+0100,1934551000,20153000,true
2018-08-17T20:35:25+0100,1868653000,19933000,true
2018-08-18T04:54:16+0100,2144515000,26831000,true
2018-08-18T13:09:43+0100,2073738000,21566000,true
2018-08-18T20:49:00+0100,1555668000,18402000,true
2018-08-19T03:56:39+0100,1624320000,18228000,true
2018-08-19T11:10:15+0100,1566480000,17442000,true
2018-08-19T18:12:17+0100,1514350000,17464000,true
2018-08-20T01:24:19+0100,1544963000,17507000,true
2018-08-20T08:29:16+0100,1542564000,17446000,true
2018-08-20T15:59:44+0100,1604178000,18303000,true
2018-08-20T23:39:25+0100,1637006000,17623000,true
2018-08-21T06:45:09+0100,1569626000,17920000,true
2018-08-21T14:11:21+0100,1573446000,17516000,true
2018-08-21T21:21:02+0100,1553753000,17726000,true
2018-08-22T04:39:03+0100,1585220000,17412000,true
2018-08-22T11:56:38+0100,1553987000,18062000,true
2018-08-22T19:35:34+0100,1556621000,17554000,true
2018-08-23T03:17:15+0100,1655382000,18548000,true
2018-08-23T11:10:54+0100,1797487000,19070000,true
2018-08-23T18:59:28+0100,2029656000,25129000,true
2018-08-24T04:39:51+0100,2051691000,22742000,true
2018-08-24T12:20:22+0100,1596984000,17869000,true
2018-08-24T19:35:21+0100,2071014000,25216000,true
2018-08-25T03:37:42+0100,2170779000,19030000,true
2018-08-25T12:14:37+0100,2197930000,24813000,true
2018-08-25T20:28:27+0100,1960089000,26333000,true
2018-08-26T04:21:24+0100,1575528000,17884000,true
2018-08-26T12:08:16+0100,1880399000,22629000,true
2018-08-26T20:32:22+0100,1967032000,23791000,true
2018-08-27T05:01:49+0100,2049433000,23540000,true
2018-08-27T12:35:46+0100,1606465000,18336000,true
2018-08-27T19:53:47+0100,1585419000,17591000,true
2018-08-28T03:14:04+0100,1738979000,18504000,true
2018-08-28T11:37:43+0100,1872952000,20718000,true
2018-08-28T20:08:03+0100
2018-08-28T20:08:03+0100,2082068000,26845000,true
2018-08-29T04:42:33+0100,1996254000,21164000,true
2018-08-29T12:53:42+0100,1786865000,24793000,true
2018-08-29T21:15:22+0100,1782123000,20676000,true
2018-08-30T05:29:11+0100,1568232000,18431000,true
2018-08-30T13:48:17+0100,1773238000,18731000,true
2018-08-30T22:07:01+0100,1683223000,18029000,true
2018-08-31T06:17:25+0100,1711550000,24658000,true
2018-08-31T14:26:28+0100,1701091000,20078000,true
2018-08-31T22:41:47+0100,1950154000,20355000,true
2018-09-01T06:53:13+0100,1815764000,20617000,true
2018-09-01T15:17:33+0100,1678450000,18233000,true
2018-09-01T23:32:23+0100,1696520000,18491000,true
2018-09-02T07:45:20+0100,1964003000,20688000,true
2018-09-02T17:10:48+0100,1956840000,23655000,true
2018-09-03T02:22:15+0100,1745615000,21468000,true
2018-09-03T10:40:39+0100,1594079000,18431000,true
2018-09-03T19:10:53+0100,2182438000,27061000,true
2018-09-04T04:11:43+0100,2241640000,22547000,true
2018-09-04T21:18:17+0100,1905127000,22257000,true
2018-09-05T09:58:37+0100,1685354000,18833000,true
2018-09-05T09:59:40+0100,1789636000,19034000,true
2018-09-05T17:33:13+0100,1567181000,17499000,true
2018-09-06T00:55:51+0100,1586634000,18137000,true
2018-09-06T08:08:21+0100,1562932000,17857000,true
2018-09-06T15:15:18+0100,1580998000,17816000,true
2018-09-06T22:28:37+0100,1561194000,18269000,true
2018-09-07T05:43:54+0100,1758706000,18664000,true
2018-09-07T12:54:29+0100,1551147000,17803000,true
2018-09-07T20:09:09+0100,1732957000,19843000,true
2018-09-08T03:26:46+0100,1787469000,18599000,true
2018-09-08T10:43:42+0100,1573297000,18099000,true
2018-09-08T18:27:25+0100,1878427000,20067000,true
2018-09-09T02:38:41+0100,1901271000,19510000,true
2018-09-09T10:54:54+0100,2079774000,23673000,true
2018-09-09T19:44:12+0100,1800801000,21813000,true
2018-09-10T04:36:31+0100,1884256000,20143000,true
2018-09-10T13:01:29+0100,1684401000,18879000,true
2018-09-10T21:18:22+0100,1739422000,20397000,true
2018-09-11T05:29:52+0100
2018-09-11T05:29:52+0100,1751494000,17895000,true
2018-09-11T12:42:58+0100
2018-09-11T12:42:58+0100,1582389000,18867000,true
2018-09-11T20:29:21+0100,2056108000,21602000,true
2018-09-12T05:24:22+0100,2164005000,27526000,true
2018-09-12T14:26:41+0100,2190835000,26825000,true
2018-09-12T23:25:05+0100,2142872000,26395000,true
2018-09-13T13:56:14+0100,2187097000,20370000,true
2018-09-13T15:14:58+0100,1680556000,18078000,true
2018-09-13T16:37:22+0100,2174865000,19933000,true
2018-09-13T17:58:41+0100,1865031000,19809000,true
2018-09-13T19:16:55+0100,1723469000,19561000,true
2018-09-13T20:33:46+0100,1725573000,19395000,true
2018-09-13T21:53:04+0100,1927393000,20477000,true
2018-09-13T23:18:21+0100,1791767000,18785000,true
2018-09-14T00:45:23+0100,1776790000,20128000,true
2018-09-14T02:12:51+0100,1874648000,22538000,true
2018-09-14T03:37:43+0100,1755549000,20173000,true
2018-09-14T05:02:02+0100,2055061000,20309000,true
2018-09-14T06:26:19+0100,2772407000,20817000,true
2018-09-14T07:50:23+0100,1767644000,19978000,true
2018-09-14T09:16:43+0100,1971917000,20055000,true
2018-09-14T10:43:50+0100,1732785000,20199000,true
2018-09-14T12:11:18+0100,1723170000,20057000,true
2018-09-14T13:38:17+0100,1731432000,19915000,true
2018-09-14T15:04:51+0100,1897033000,20936000,true
2018-09-14T16:33:27+0100,1862085000,20861000,true
2018-09-14T18:01:26+0100,1879903000,20445000,true
2018-09-14T19:30:24+0100,1956764000,24386000,true
2018-09-14T20:57:20+0100,1938237000,20052000,true
2018-09-14T22:23:35+0100,1944626000,21229000,true
2018-09-14T23:53:03+0100,1750696000,20052000,true
2018-09-15T01:15:38+0100,1885812000,20491000,true
2018-09-15T02:43:20+0100,1835928000,20195000,true
2018-09-15T04:12:19+0100,1843315000,20357000,true
2018-09-15T05:38:43+0100,1857650000,20170000,true
2018-09-15T07:03:00+0100,1803118000,20239000,true
2018-09-15T08:27:42+0100,1919954000,19701000,true
2018-09-15T09:52:32+0100,1791596000,20069000,true
2018-09-15T11:21:26+0100,1808714000,18778000,true
2018-09-15T12:49:31+0100,2240047000,23011000,true
2018-09-15T14:17:17+0100,1736557000,20709000,true
2018-09-15T15:44:44+0100,1916081000,22421000,true
2018-09-15T17:13:45+0100,1929255000,22900000,true
2018-09-15T18:42:42+0100,1989992000,30003000,true
2018-09-15T20:11:04+0100,1890531000,25873000,true
2018-09-15T21:40:07+0100,1793467000,20361000,true
2018-09-15T23:06:38+0100,1669167000,19623000,true
2018-09-16T00:31:21+0100,1806106000,21308000,true
2018-09-16T01:59:32+0100,1785615000,20159000,true
2018-09-16T03:23:50+0100,1870071000,20144000,true
2018-09-16T04:49:26+0100,1670090000,17897000,true
2018-09-16T06:15:57+0100,1845395000,24542000,true
2018-09-16T07:41:58+0100,1720333000,19585000,true
2018-09-16T09:08:20+0100,1786014000,22143000,true
2018-09-16T10:33:34+0100,1740862000,20510000,true
2018-09-16T11:56:40+0100
2018-09-16T11:56:40+0100,1794532000,20536000,true
2018-09-16T13:26:28+0100,1971353000,20475000,true
2018-09-16T14:58:49+0100,2225648000,24025000,true
2018-09-16T16:29:09+0100,1864514000,20478000,true
2018-09-16T17:58:06+0100,1959762000,25952000,true
2018-09-16T19:25:42+0100,1957304000,25479000,true
2018-09-16T20:54:13+0100,1842228000,22764000,true
2018-09-16T22:22:33+0100,1869615000,20321000,true
2018-09-16T23:51:08+0100,1854831000,20349000,true
2018-09-17T01:19:22+0100,2061397000,28030000,true
2018-09-17T02:45:56+0100,2064738000,20218000,true
2018-09-17T04:14:34+0100,1725496000,19952000,true
2018-09-17T05:41:36+0100,1830947000,22386000,true
2018-09-17T07:08:59+0100,1755866000,20497000,true
2018-09-17T08:36:39+0100,2138321000,27242000,true
2018-09-17T10:07:19+0100,2374944000,23179000,true
2018-09-17T11:36:43+0100,2214696000,28502000,true
2018-09-17T13:06:57+0100,2102875000,23568000,true
2018-09-17T14:36:59+0100,2167653000,25072000,true
2018-09-17T16:07:46+0100,2199845000,27173000,true
2018-09-17T17:38:25+0100,2285949000,30154000,true
2018-09-17T19:08:53+0100,2216053000,26730000,true
2018-09-17T20:38:58+0100,2242386000,26629000,true
2018-09-17T22:09:00+0100,2331325000,26107000,true
2018-09-17T23:39:24+0100,2165746000,26916000,true
2018-09-18T01:12:06+0100,2239610000,30932000,true
2018-09-18T02:42:30+0100,2330762000,27682000,true
2018-09-18T04:13:07+0100,2012513000,23266000,true
2018-09-18T05:43:08+0100,1860213000,27431000,true
2018-09-18T07:11:10+0100,2010436000,23571000,true
2018-09-18T08:36:21+0100,1748251000,20277000,true
2018-09-18T09:54:31+0100,1712343000,19621000,true
2018-09-18T11:10:48+0100,1673036000,19688000,true
2018-09-18T12:28:44+0100,1678981000,19689000,true
2018-09-18T13:47:32+0100,1841546000,20776000,true
2018-09-18T15:16:10+0100,1899918000,27265000,true
2018-09-18T16:56:01+0100,2199554000,28072000,true
2018-09-18T18:36:03+0100,2396472000,29654000,true
2018-09-18T20:21:32+0100,2572041000,33633000,true
2018-09-18T22:01:59+0100,2660585000,27932000,true
2018-09-18T23:49:21+0100,2227117000,25526000,true
2018-09-19T01:34:53+0100,2388793000,27713000,true
2018-09-19T03:06:41+0100,2086189000,20442000,true
2018-09-19T04:36:15+0100,1845836000,21051000,true
2018-09-19T06:06:11+0100,1949798000,26969000,true
2018-09-19T07:35:27+0100,2036286000,23381000,true
2018-09-19T09:04:35+0100,2169159000,26083000,true
2018-09-19T10:38:59+0100,2191178000,34495000,true
2018-09-19T12:15:38+0100,2123543000,28167000,true
2018-09-19T17:24:01+0100,1956993000,25932000,true
2018-09-19T22:38:36+0100,2011458000,28023000,true
2018-09-20T03:47:40+0100,2425659000,29859000,true
2018-09-20T08:59:34+0100,2157187000,28718000,true
2018-09-20T14:28:27+0100,2184836000,26824000,true
2018-09-20T19:38:21+0100,2202218000,28333000,true
2018-09-21T01:30:04+0100,2218257000,26372000,true
2018-09-21T06:40:00+0100,1797238000,21500000,true
2018-09-21T11:41:45+0100,2232873000,27913000,true
2018-09-21T17:48:00+0100,2122580000,27279000,true
2018-09-21T23:35:49+0100,1982897000,27402000,true
2018-09-22T05:38:01+0100,2180406000,27333000,true
2018-09-22T11:28:05+0100,2040625000,27668000,true
2018-09-22T17:21:32+0100,2059842000,23780000,true
2018-09-22T22:40:14+0100,2012336000,27453000,true
2018-09-23T04:06:06+0100,1529141000,20359000,true
2018-09-23T08:15:17+0100,1688523000,19634000,true
2018-09-23T12:29:27+0100,1801523000,26862000,true
2018-09-23T17:13:51+0100,2196332000,31403000,true
2018-09-23T21:36:29+0100,1930423000,27159000,true
2018-09-24T02:25:41+0100,1751824000,23701000,true
2018-09-24T07:13:31+0100,1749638000,20514000,true
2018-09-24T11:46:19+0100,1915725000,26453000,true
2018-09-24T16:29:36+0100,1508851000,19488000,true
2018-09-24T20:46:17+0100,1979484000,28001000,true
2018-09-25T01:34:52+0100,1619248000,25441000,true
2018-09-25T15:34:14+0100,1903455000,25362000,true
2018-09-25T20:31:41+0100,2276735000,31359000,true
2018-09-26T01:31:01+0100,1977110000,27156000,true
2018-09-26T16:11:42+0100,1975811000,28387000,true
2018-09-26T21:09:39+0100,2162020000,27566000,true
2018-09-27T02:07:22+0100,1808870000,20751000,true
2018-09-27T06:56:30+0100,1706351000,27756000,true
2018-09-27T11:37:32+0100,1977531000,34796000,true
2018-09-27T16:19:17+0100,1925877000,24742000,true
2018-09-27T21:01:17+0100,1498808000,19878000,true
2018-09-28T01:39:06+0100,1549519000,19651000,true
2018-09-28T06:18:04+0100,1588378000,20412000,true
2018-09-28T11:01:38+0100,1943127000,22968000,true
2018-09-28T15:44:53+0100,1397983000,18211000,true
2018-09-28T20:22:04+0100,1999410000,26356000,true
2018-09-29T01:00:19+0100,1547408000,20200000,true
2018-09-29T05:40:31+0100,1579611000,21026000,true
2018-09-29T10:18:32+0100,1695463000,27652000,true
2018-09-29T14:44:16+0100,1554889000,19738000,true
2018-09-29T19:05:31+0100,1715586000,20773000,true
2018-09-29T23:52:52+0100,1639234000,19295000,true
2018-09-30T05:03:22+0100,1624870000,20403000,true
2018-09-30T10:03:43+0100,2018670000,25252000,true
2018-09-30T14:42:48+0100,1475264000,19914000,true
2018-09-30T19:19:05+0100,1681331000,27165000,true
2018-09-30T23:54:48+0100,1662936000,20764000,true
2018-10-01T04:27:17+0100,1590289000,19981000,true
2018-10-01T08:36:19+0100,1877099000,31334000,true
2018-10-01T13:15:51+0100,1751227000,27631000,true
2018-10-01T17:56:32+0100,1578281000,19228000,true
2018-10-01T22:31:24+0100,1570435000,21723000,true
2018-10-02T03:11:35+0100,2116241000,27220000,true
2018-10-02T08:10:30+0100,2068990000,27507000,true
2018-10-02T13:15:42+0100,2099329000,26316000,true
2018-10-02T18:03:44+0100,1751815000,21089000,true
2018-10-02T22:57:42+0100,2043595000,27817000,true
2018-10-03T04:04:21+0100,1754947000,21796000,true
2018-10-03T08:44:18+0100,1942974000,25464000,true
2018-10-03T13:56:21+0100,2058223000,27472000,true
2018-10-03T18:43:40+0100,1944030000,27380000,true
2018-10-03T23:34:34+0100,2030362000,27248000,true
2018-10-04T03:52:46+0100,1312974000,15862000,true
2018-10-04T07:41:38+0100,1317637000,16342000,true
2018-10-04T12:15:45+0100,1981342000,27594000,true
2018-10-04T17:12:20+0100,2005586000,27493000,true
2018-10-04T22:18:17+0100,2045057000,28596000,true
2018-10-05T03:33:43+0100,1954946000,27336000,true
2018-10-05T08:25:53+0100,1907467000,25848000,true
2018-10-05T13:11:38+0100,1746174000,20622000,true
2018-10-05T17:57:40+0100,1729708000,25465000,true
2018-10-05T22:39:06+0100,1591511000,18962000,true
2018-10-06T03:04:32+0100,1460463000,19136000,true
2018-10-06T07:34:28+0100,1548414000,19551000,true
2018-10-06T12:02:21+0100,2102865000,27459000,true
2018-10-06T16:46:26+0100,1515792000,19898000,true
2018-10-06T20:55:19+0100,1352953000,19470000,true
2018-10-07T00:45:58+0100,1524084000,17315000,true
2018-10-07T04:37:21+0100,1536890000,19233000,true
2018-10-07T08:28:40+0100,1579646000,19252000,true
2018-10-07T12:20:01+0100,1336788000,17047000,true
2018-10-07T16:09:39+0100,1428315000,17558000,true
2018-10-07T20:01:53+0100,1535877000,17771000,true
2018-10-08T00:05:40+0100,1407180000,17551000,true
2018-10-08T04:01:52+0100,1614528000,18065000,true
2018-10-08T08:03:36+0100,1383124000,17731000,true
2018-10-08T12:05:03+0100,1407249000,17836000,true
2018-10-08T16:00:26+0100,1440670000,19320000,true
2018-10-08T19:59:48+0100,1567068000,18750000,true
2018-10-08T23:58:06+0100,1424464000,19320000,true
2018-10-09T03:51:02+0100,1306211000,16294000,true
2018-10-09T07:51:27+0100,1394395000,17264000,true
2018-10-09T11:44:59+0100,1999026000,33855000,true
2018-10-09T16:30:17+0100,1970904000,29753000,true
2018-10-09T21:20:21+0100,1802741000,20547000,true
2018-10-10T01:54:55+0100,1547496000,20048000,true
2018-10-10T06:46:23+0100,2106277000,23627000,true
2018-10-10T11:36:47+0100,1583967000,19486000,true
2018-10-10T16:31:32+0100,1581393000,19444000,true
2018-10-11T02:10:14+0100,2057554000,22640000,true
2018-10-11T07:04:20+0100,2291341000,27381000,true
2018-10-11T11:40:30+0100,1585555000,19579000,true
2018-10-11T16:17:07+0100,1577101000,20449000,true
2018-10-11T21:06:50+0100,1961957000,20928000,true
2018-10-12T01:49:43+0100,1531049000,20193000,true
2018-10-12T06:35:48+0100,1927527000,22380000,true
2018-10-12T11:18:20+0100,2005037000,26818000,true
2018-10-12T16:04:43+0100,2140107000,28735000,true
2018-10-12T20:49:35+0100,1996929000,25713000,true
2018-10-13T01:30:24+0100,1629602000,20479000,true
2018-10-13T06:07:17+0100,1595754000,19460000,true
2018-10-13T10:56:20+0100,1539648000,19394000,true
2018-10-13T15:55:28+0100,2101707000,28256000,true
2018-10-13T20:24:16+0100,1575866000,19533000,true
2018-10-14T00:20:42+0100
2018-10-14T00:20:42+0100,1591983000,19653000,true
2018-10-14T04:35:38+0100,1599479000,19839000,true
2018-10-14T08:54:41+0100,1648865000,19521000,true
2018-10-14T13:09:21+0100,1352675000,17374000,true
2018-10-14T17:41:34+0100,1554594000,19842000,true
2018-10-15T02:24:12+0100,1605904000,19571000,true
2018-10-15T10:24:36+0100,1571702000,19406000,true
2018-10-15T14:52:17+0100,2048688000,25413000,true
2018-10-15T19:51:24+0100,1883308000,27074000,true
2018-10-16T00:37:53+0100,2064865000,26950000,true
2018-10-16T05:30:26+0100,1615766000,25540000,true
2018-10-16T10:08:29+0100,1837760000,27091000,true
2018-10-18T10:50:23+0100,1683808000,21080000,true
2018-10-18T17:52:13+0100,1525236000,20037000,true
2018-10-19T00:46:00+0100,1454197000,18475000,true
2018-10-19T07:30:18+0100,1541240000,19722000,true
2018-10-19T14:19:25+0100,1587978000,19957000,true
2018-10-19T21:13:37+0100,1871833000,25133000,true
2018-10-20T04:45:23+0100,1929794000,23620000,true
2018-10-20T12:23:03+0100,1969533000,27435000,true
2018-10-20T19:50:51+0100,2031797000,27227000,true
2018-10-21T03:23:18+0100,1940463000,25141000,true
2018-10-21T10:54:36+0100,1912772000,26642000,true
2018-10-21T18:23:07+0100,1398174000,17294000,true
2018-10-22T01:06:36+0100,1443374000,17463000,true
2018-10-22T07:08:11+0100,1552052000,19326000,true
2018-10-22T13:57:07+0100,1439912000,24496000,true
2018-10-22T19:51:40+0100,1456229000,17493000,true
2018-10-23T02:00:07+0100,1429804000,17787000,true
2018-10-23T08:01:45+0100,1398327000,17922000,true
2018-10-23T14:03:19+0100,1482755000,19144000,true
2018-10-23T20:29:51+0100,2078723000,24322000,true
2018-10-24T02:48:55+0100,1398769000,18133000,true
2018-10-24T08:47:22+0100,1429579000,17206000,true
2018-10-24T16:05:48+0100,1522584000,19635000,true
2018-10-24T23:10:35+0100,1403873000,17536000,true
2018-10-25T05:15:30+0100,1395442000,17463000,true
2018-10-25T12:13:28+0100,1988423000,26113000,true
2018-10-25T20:44:45+0100,1486112000,19604000,true
2018-10-26T02:41:18+0100,1502017000,19951000,true
2018-10-26T08:40:31+0100,1406108000,17474000,true
2018-10-26T14:43:07+0100,1480270000,17569000,true
2018-10-26T21:35:33+0100,1341215000,16716000,true
2018-10-27T03:36:43+0100,1467300000,16355000,true
2018-10-27T09:35:37+0100,1414266000,17647000,true
2018-10-27T15:47:56+0100,1475935000,18919000,true
2018-10-27T21:49:16+0100,1424743000,18209000,true
2018-10-28T02:55:16+0000,1527208000,17739000,true
2018-10-28T08:58:07+0000,1396757000,16474000,true
2018-10-28T15:02:06+0000,1404490000,17561000,true
2018-10-28T21:05:27+0000,1513681000,16701000,true
2018-10-29T03:04:16+0000,1464169000,18273000,true
2018-10-29T09:02:58+0000,1298461000,16070000,true
2018-10-29T15:02:28+0000,1347390000,16203000,true
2018-10-29T20:59:38+0000,1336014000,16156000,true
2018-10-30T02:56:48+0000,1352287000,16846000,true
2018-10-30T08:54:23+0000,1446652000,16813000,true
2018-10-30T16:00:52+0000,1449772000,18353000,true
2018-10-30T23:32:28+0000,2110371000,22887000,true
2018-10-31T07:14:53+0000,1968400000,27060000,true
2018-10-31T13:53:49+0000,1453795000,17436000,true
2018-10-31T22:03:43+0000,1913174000,25719000,true
2018-11-01T07:05:39+0000,2144834000,27012000,true
2018-11-01T13:49:31+0000,1416450000,16111000,true
2018-11-01T19:46:30+0000,1441401000,17347000,true
2018-11-02T01:48:55+0000,1419191000,17290000,true
2018-11-02T07:48:15+0000,1332708000,16067000,true
2018-11-02T13:45:41+0000,1554789000,17884000,true
2018-11-02T20:29:31+0000,1390617000,18255000,true
2018-11-03T03:27:08+0000,1575714000,19768000,true
2018-11-03T10:36:17+0000,1439796000,18126000,true
2018-11-03T19:33:55+0000,1936372000,29122000,true
2018-11-04T03:53:15+0000,1904492000,26985000,true
2018-11-04T12:18:00+0000,2032585000,32206000,true
2018-11-04T20:21:55+0000,1898146000,24946000,true
2018-11-05T02:45:59+0000,1405267000,17493000,true
2018-11-05T08:45:21+0000,1362571000,17748000,true
2018-11-05T15:24:28+0000,1395826000,17674000,true
2018-11-05T21:58:02+0000,1270411000,16360000,true
2018-11-06T03:53:12+0000,1260434000,16048000,true
2018-11-06T09:48:46+0000,1388808000,17674000,true
2018-11-06T15:44:26+0000,1358154000,18219000,true
2018-11-06T21:39:26+0000,1271209000,16000000,true
2018-11-07T03:35:31+0000,1282283000,15812000,true
2018-11-07T09:30:53+0000,1283792000,16065000,true
2018-11-07T15:36:55+0000,2007909000,26001000,true
2018-11-08T00:26:23+0000,1869756000,25433000,true
2018-11-08T09:08:51+0000,1976317000,27142000,true
2018-11-08T18:04:39+0000,1991869000,27704000,true
2018-11-09T03:05:57+0000,2064813000,27590000,true
2018-11-09T09:59:59+0000,359272000,49627000,true
2018-11-10T01:40:36+0000,348034000,46237000,true
2018-11-10T17:20:35+0000,351695000,44500000,true
2018-11-11T08:38:04+0000,320001000,41504000,true
2018-11-11T23:43:07+0000,332499000,45098000,true
2018-11-12T14:32:14+0000,341341000,45011000,true
2018-11-13T05:24:27+0000,344011000,43886000,true
2018-11-13T20:30:43+0000,335355000,43817000,true
2018-11-14T11:28:01+0000,301573000,38510000,true
2018-11-15T02:11:03+0000,370252000,42898000,true
2018-11-15T17:11:24+0000,323784000,41280000,true
2018-11-16T07:57:13+0000,332211000,44568000,true
2018-11-16T23:22:27+0000,375643000,44473000,true
2018-12-21T13:00:06+0000,359528000,0,false
2018-12-21T14:13:47+0000,263056000,27329000,true
2018-12-21T14:15:14+0000,315078000,25872000,true
2019-01-08T16:57:02+0000,349088000,43090000,true
2019-01-09T09:50:51+0000,304541000,27031000,true
2019-01-09T09:54:39+0000,300314000,27752000,true
2019-01-10T17:10:56+0000,445549000,28260000,true
2019-01-11T03:36:34+0000,319042000,36801000,true
2019-01-11T14:46:38+0000,343839000,28366000,true
2019-01-12T01:20:32+0000,417000000,29173000,true
2019-01-12T12:03:06+0000,340997000,31203000,true
2019-01-12T22:54:24+0000,284524000,28990000,true
2019-01-13T09:49:46+0000,356642000,30895000,true
2019-01-13T20:48:37+0000,311270000,28967000,true
2019-01-14T07:04:20+0000,297242000,28307000,true
2019-01-14T17:32:44+0000,282169000,28662000,true
2019-01-15T04:10:09+0000,289312000,29748000,true
2019-01-15T14:40:47+0000,417580000,30999000,true
2019-01-16T01:27:45+0000,444021000,30226000,true
2019-01-16T11:56:32+0000,437113000,31067000,true
2019-01-16T22:27:59+0000,286121000,28189000,true
2019-01-17T09:07:50+0000,411724000,30935000,true
2019-01-17T20:06:21+0000,302913000,28097000,true
2019-01-18T06:21:42+0000,406993000,29320000,true
2019-01-18T17:01:08+0000,365770000,28724000,true
2019-01-19T03:23:11+0000,322846000,28388000,true
2019-01-19T13:38:16+0000,426491000,28817000,true
2019-01-19T23:50:47+0000,283527000,28239000,true
2019-01-20T10:23:45+0000,310654000,28571000,true
2019-01-20T20:21:00+0000,283425000,28368000,true
2019-01-21T06:45:01+0000,298271000,28124000,true
2019-01-21T17:00:59+0000,289520000,27871000,true
2019-01-22T13:21:29+0000,297068000,29110000,true
